HC Indexed Growth - Class A Option,,,,
HOSTPLUS,,,,
,,,,
Table 1 - Assets HC Indexed Growth - Class A Option - Assets,,,,
Portfolio Holdings Information for Investment Option HC Indexed Growth - Class A Option - Assets,,,,
Cash,,,,
Name of Institution,Currency,,Value (AUD),Weighting (%)
Citigroup Inc,AUD,,"322,533",0.27%
Citigroup Inc,CAD,,"1,756",0.00%
Citigroup Inc,CHF,,"17,990",0.02%
Citigroup Inc,DKK,,"1,110",0.00%
Citigroup Inc,EUR,,"10,825",0.01%
Citigroup Inc,GBP,,"-1,835",0.00%
Citigroup Inc,HKD,,461,0.00%
Citigroup Inc,ILS,,486,0.00%
Citigroup Inc,JPY,,"7,008",0.01%
Citigroup Inc,NOK,,"1,928",0.00%
Citigroup Inc,NZD,,116,0.00%
Citigroup Inc,SEK,,117,0.00%
Citigroup Inc,SGD,,351,0.00%
Citigroup Inc,USD,,"178,349",0.15%
Macquarie Bank,AUD,,"38,954",0.03%
Macquarie Bank,CAD,,"3,549",0.00%
Macquarie Bank,CHF,,-2,0.00%
Macquarie Bank,EUR,,"6,019",0.01%
Macquarie Bank,GBP,,-612,0.00%
Macquarie Bank,HKD,,,0.00%
Macquarie Bank,JPY,,"4,241",0.00%
Macquarie Bank,SGD,,,0.00%
Macquarie Bank,USD,,"5,497",0.00%
Total,,,"598,840",0.51%
Fixed Income,,,,
Investment in non?associated entities;,,,,
Held directly or by associated entities or by PSTs,,,,
Externally managed,,,,
Name of Fund Manager,,,Value (AUD),Weighting (%)
BlackRock Investment Management (Australia) Ltd,,,"10,458,851",8.86%
Total,,,"10,458,851",8.86%
Listed Equity,,,,
Name/kind of investment item,Security Identifier,Units held,Value (AUD),Weighting (%)
3I GROUP PLC ORD GBP0.738636,GB00B1YW4409,498.23,"42,922",0.04%
3M CO COM USD0.01,US88579Y1010,289.42,"67,233",0.06%
A2 MILK CO LTD ATM,NZATME0002S8,"13,365.29","107,056",0.09%
ABB LTD-REG CHF1.03 (REGD),CH0012221716,854.88,"77,530",0.07%
ABBOTT LABORATORIES COM NPV,US0028241000,933.27,"193,689",0.16%
ABBVIE INC COM USD0.01,US00287Y1091,943.16,"267,138",0.23%
ABIOMED INC-CVR,US003CVR0169,8.27,,0.00%
ABN AMRO GROUP NV-CVA/W/I ABN,NL0011540547,246.81,"10,274",0.01%
ACCENTURE PLC-CL A CLS'A'USD0.0000225,IE00B4BNMY34,333.23,"151,980",0.13%
ACCIONA SA EUR1,ES0125220311,15.57,"4,262",0.00%
ACCOR SA ACR,FR0000120404,114.84,"9,119",0.01%
ACS ACTIVIDADES CONS Y SERV EUR0.5,ES0167050915,95.45,"10,079",0.01%
ADDTECH AB-B SHARES,SE0014781795,90.26,"4,653",0.00%
ADIDAS AG NPV (REGD),DE000A1EWWW0,86.15,"30,547",0.03%
ADMIRAL GROUP PLC ORD GBP0.001,GB00B02J6398,111.3,"7,610",0.01%
ADOBE INC,US00724F1012,226.59,"133,767",0.11%
ADP EUR3,FR0010340141,16.07,"3,062",0.00%
ADRIATIC METALS PLC-CDI,AU0000004772,"5,716.42","32,469",0.03%
ADV MICRO DEVICES INC COM USD0.01,US0079031078,865.6,"187,425",0.16%
ADVANTEST CORP NPV,JP3122400009,411.95,"46,368",0.04%
ADYEN NV ADYEN,NL0012969182,13.18,"36,794",0.03%
AEGON LTD,BMG0112X1056,745.69,"8,212",0.01%
AENA SME SA,ES0105046017,414.64,"16,829",0.01%
AEON CO LTD AEON CO LTD,JP3388200002,364.31,"17,010",0.01%
AERCAP HOLDINGS NV EUR0.01,NL0000687663,102.36,"18,275",0.02%
AFLAC INC COM USD0.10,US0010551028,278.1,"44,752",0.04%
AGC INC,JP3112000009,126.38,"5,643",0.00%
AGEAS NPV (POST SPLIT),BE0974264930,79.53,"8,170",0.01%
AGILENT TECHNOLOGIES INC COM STK USD0.01,US00846U1016,153.83,"27,701",0.02%
AGL ENERGY LTD AGL,AU000000AGL7,"11,176.42","108,747",0.09%
AGNICO EAGLE MINES LTD AGNICO EAGLE MINES LTD,CA0084741085,273.94,"49,701",0.04%
AIA GROUP LTD USD1.00,HK0000069689,"5,731.43","78,432",0.07%
AIB GROUP PLC,IE00BF0L3536,"1,040.87","13,023",0.01%
AIR LIQUIDE SA EUR5.50,FR0000120073,310.48,"97,400",0.08%
AIR PRODUCTS & CHEMICALS INC COM USD1,US0091581068,119.44,"51,408",0.04%
AIRBNB INC,US0090661010,233.65,"47,182",0.04%
AISIN CORP,JP3102000001,272.21,"5,311",0.00%
AJINOMOTO INC COM,JP3119600009,499.49,"20,626",0.02%
AKAMAI TECHNOLOGIES INC COM STK USD0.01,US00971T1016,70.25,"8,549",0.01%
AKER BP ASA,NO0010345853,121.92,"4,739",0.00%
AKZO NOBEL,NL0013267909,90.12,"9,588",0.01%
ALAMOS GOLD INC-CLASS A AGI,CA0115321089,199.39,"8,076",0.01%
ALBERTSONS COS INC - CLASS A,US0130911037,211.32,"6,936",0.01%
ALCOA CORP-CDI,AU0000339426,887.4,"39,933",0.03%
ALCON INC,CH0432492467,270.69,"36,427",0.03%
ALEXANDRIA REAL ESTATE EQUIT COM STK USD0.01,US0152711091,83.28,"9,229",0.01%
ALFA LAVAL AB NPV,SE0000695876,177.06,"11,277",0.01%
ALIGN TECHNOLOGY INC COM USD0.0001,US0162551016,38.05,"10,993",0.01%
ALIMENTATION COUCHE-TARD INC,CA01626P1484,408.07,"30,890",0.03%
ALLEGION PLC CIM USD0.01 'WI',IE00BFRT3W74,40.47,"8,899",0.01%
ALLIANT ENERGY CORP COM,US0188021085,123.45,"11,391",0.01%
ALLIANZ SE-REG ALV,DE0008404005,212,"130,663",0.11%
ALLSTATE CORP COM USD0.01,US0200021014,142.82,"43,870",0.04%
ALNYLAM PHARMACEUTICALS INC COM USD0.01,US02043Q1076,67.87,"33,771",0.03%
ALPHABET INC-CL A GOOGL,US02079K3059,"3,128.71","841,341",0.71%
ALPHABET INC-CL C GOOG,US02079K1079,"2,634.91","713,217",0.60%
ALS LTD,AU000000ALQ6,"9,029.22","154,400",0.13%
ALSTOM EUR7.00,FR0010220475,193.09,"6,848",0.01%
ALTAGAS LTD COM NPV,CA0213611001,106.6,"4,712",0.00%
ALTRIA GROUP INC COM USD0.333333,US02209S1033,896.82,"80,233",0.07%
AMADEUS IT GROUP SA,ES0109067019,248.9,"31,868",0.03%
AMAZON.COM INC USD0.01,US0231351067,"5,105.88","1,709,284",1.45%
AMCOR PLC,JE00BJ1F3079,"1,225.56","17,186",0.01%
AMCOR PLC-CDI,AU000000AMC4,"10,912.57","154,958",0.13%
AMEREN CORP COM,US0236081024,153.29,"22,464",0.02%
AMERICAN ELECTRIC POWER COM USD6.50,US0255371017,276.5,"43,777",0.04%
AMERICAN EXPRESS CO COM USD0.20,US0258161092,301.07,"146,542",0.12%
AMERICAN FINL GROUP IN COM,US0259321042,31.58,"6,082",0.01%
AMERICAN HOMES 4 RENT- A AMH,US02665T3068,187.6,"10,326",0.01%
AMERICAN INTERNATIONAL GROUP COM USD2.50,US0268747849,313.02,"40,881",0.03%
AMERICAN TOWER CORP COM NEW USD0.01,US03027X1000,249.29,"84,075",0.07%
AMERICAN WATER WORKS CO INC COM STK USD0.01,US0304201033,104.46,"22,173",0.02%
AMERIPRISE FINANCIAL INC COM STK USD0.01,US03076C1062,52.51,"42,766",0.04%
AMETEK INC COM USD0.01,US0311001004,118.58,"32,744",0.03%
AMGEN INC COM USD0.0001,US0311621009,286.75,"122,167",0.10%
AMOTIV LTD,AU0000340770,"2,583.51","20,694",0.02%
AMP LTD NPV(POST RECON),AU000000AMP6,"46,762.47","58,921",0.05%
AMPHENOL CORP-CL A CL A,US0320951017,638.81,"96,258",0.08%
AMPOL LTD,AU0000088338,"4,399.34","113,239",0.10%
AMRIZE LTD,CH1430134226,285.49,"21,661",0.02%
AMUNDI SA AMUN,FR0004125920,9.74,"1,198",0.00%
ANA HOLDINGS INC NPV,JP3429800000,77.97,"2,325",0.00%
ANALOG DEVICES INC COM USD0.16 2/3,US0326541051,263.79,"95,807",0.08%
ANGLO AMERICAN PLC,GB00BTK05J60,553.04,"24,863",0.02%
ANHEUSER-BUSCH INBEV SA/NV,BE0974293251,513.28,"53,545",0.05%
ANNALY CAPITAL MANAGEMENT IN,US0357108390,275.2,"7,903",0.01%
ANSELL LTD NPV,AU000000ANN9,"2,694.66","81,621",0.07%
ANSYS INC COM USD0.01,US03662Q1058,46.69,"25,020",0.02%
ANTOFAGASTA PLC ORD GBP0.05,GB0000456144,224.92,"8,510",0.01%
ANZ GROUP HOLDINGS LTD ANZ,AU000000ANZ3,"54,898.21","1,600,832",1.36%
AON PLC,IE00BLP1HW54,104.1,"56,670",0.05%
AP MOELLER-MAERSK A/S-A DKK1000 'A',DK0010244425,1.57,"4,422",0.00%
AP MOELLER-MAERSK A/S-B,DK0010244508,2.49,"7,040",0.01%
APA GROUP NPV (STAPLED UNITS),AU000000APA1,"23,898.96","195,254",0.17%
APOLLO GLOBAL MANAGEMENT INC,US03769M1062,216.82,"46,937",0.04%
APPLE INC,US0378331005,"8,031.24","2,514,336",2.13%
APPLIED MATERIALS INC COM USD0.01,US0382221051,432.38,"120,783",0.10%
APPLOVIN CORP-CLASS A,US03831W1080,123.86,"66,164",0.06%
APTIV HOLDINGS LTD,JE00BTDN8H13,125.45,"13,059",0.01%
ARB CORPORATION LIMITED NPV,AU000000ARB5,"1,431.67","46,816",0.04%
ARC RESOURCES LTD COM NPV,CA00208D4084,346.76,"11,133",0.01%
ARCH CAPITAL GROUP LTD COM USD0.01,BMG0450A1053,202.09,"28,077",0.02%
ARCHER-DANIELS-MIDLAND CO COM NPV,US0394831020,257.88,"20,769",0.02%
ARENA REIT ARF,AU000000ARF6,"7,286.64","27,033",0.02%
ARES MANAGEMENT CORP,US03990B1017,107.78,"28,485",0.02%
ARGENX SE ARGX,NL0010832176,32.77,"27,575",0.02%
ARISTA NETWORKS INC,US0404132054,573.53,"89,537",0.08%
ARISTOCRAT LEISURE LTD NPV,AU000000ALL7,"11,541.16","752,137",0.64%
ARKEMA EUR10,FR0010313833,19.79,"2,217",0.00%
ARTHUR J GALLAGHER & CO COM USD1,US3635761097,137.23,"67,034",0.06%
ASAHI GROUP HOLDINGS LTD NPV,JP3116000005,760.97,"15,495",0.01%
ASAHI KASEI CORP ORD,JP3111200006,616.49,"6,688",0.01%
ASHTEAD GROUP PLC ORD GBP0.10,GB0000536739,231.21,"22,573",0.02%
ASICS CORP NPV,JP3118000003,368.07,"14,309",0.01%
ASM INTERNATIONAL N.V. EUR0.04,NL0000334118,25.77,"25,083",0.02%
ASML HOLDING NV EUR0.09 (POST SPLIT),NL0010273215,210.14,"255,045",0.22%
ASR NEDERLAND NV ASRNL,NL0011872643,34,"3,433",0.00%
ASSA ABLOY AB-B,SE0007100581,491.43,"23,227",0.02%
ASSICURAZIONI GENERALI EUR1,IT0000062072,506.52,"27,408",0.02%
ASSOCIATED BRITISH FOODS PLC ORD GBP0.0568,GB0006731235,185.84,"7,997",0.01%
ASTELLAS PHARMA INC NPV,JP3942400007,948.64,"14,195",0.01%
ASTRAZENECA PLC ORD USD0.25,GB0009895292,830.07,"175,653",0.15%
AT&T INC COM STK USD1,US00206R1023,"3,831.65","169,204",0.14%
ATLAS ARTERIA-STAPLED,AU0000013559,"19,552.28","99,521",0.08%
ATLAS COPCO AB-A SHS,SE0017486889,"1,302.75","31,882",0.03%
ATLAS COPCO AB-B SHS,SE0017486897,"1,020.46","21,967",0.02%
ATLASSIAN CORP PLC-CLASS A,US0494681010,85.24,"26,414",0.02%
ATMOS ENERGY CORP COM NPV,US0495601058,86.99,"20,455",0.02%
AUB GROUP LTD,AU000000AUB9,"2,152.98","76,388",0.06%
AUCKLAND INTL AIRPORT LTD,NZAIAE0002S6,"7,139.41","50,690",0.04%
AUCKLAND INTL AIRPORT LTD AUCKLAND INTL AIRPORT LTD,NZAIAE0002S6,937.08,"6,723",0.01%
AURIZON HOLDINGS LTD NPV,AU000000AZJ1,"32,735.03","99,187",0.08%
AUSTRALIAN STOCK EXCHANGE NPV,AU000000ASX7,"3,578.10","249,608",0.21%
AUTO TRADER GROUP PLC AUTO,GB00BVYVFW23,354.49,"6,111",0.01%
AUTODESK INC COM USD0.01,US0527691069,114.35,"54,017",0.05%
AUTOMATIC DATA PROCESSING COM USD0.10,US0530151036,216.62,"101,937",0.09%
AUTOZONE INC COM STK USD0.01,US0533321024,8.96,"50,740",0.04%
AVALONBAY COMMUNITIES INC COM USD0.01,US0534841012,74.23,"23,051",0.02%
AVANTOR INC AVTR,US05352A1007,340.92,"7,002",0.01%
AVERY DENNISON CORP COM USD1,US0536111091,44.48,"11,910",0.01%
AVIVA PLC,GB00BPQY8M80,"1,429.45","18,508",0.02%
AVZ MINERALS LTD AVZ,AU000000AVZ6,"27,321.23","21,311",0.02%
AXA SA CSLI,FR0000120628,972.41,"72,579",0.06%
AXON ENTERPRISE INC,US05464C1018,39.4,"49,771",0.04%
AZRIELI GROUP ILS0.01,IL0011194789,21.92,"3,077",0.00%
Avolta,CH0023405456,63.08,"5,202",0.00%
BAKER HUGHES A GE CO,US05722G1004,537.16,"31,425",0.03%
BALL CORP COM NPV,US0584981064,146.55,"12,543",0.01%
BALOISE HOLDING AG - REG CHF0.10 (REGD) (VINKULIERT),CH0012410517,16.3,"5,850",0.00%
BANCO BILBAO VIZCAYA ARGENTA BBVA,ES0113211835,"3,075.56","71,918",0.06%
BANCO BPM SPA,IT0005218380,493.14,"8,755",0.01%
BANCO DE SABADELL SA EUR0.125,ES0113860A34,"2,886.67","13,976",0.01%
BANCO SANTANDER SA SANN,ES0113900J37,"8,086.12","101,777",0.09%
BANDAI NAMCO HOLDINGS INC,JP3778630008,326.43,"17,831",0.02%
BANK HAPOALIM BM ILS1,IL0006625771,732.95,"21,461",0.02%
BANK LEUMI LE-ISRAEL ILS1,IL0006046119,696.91,"19,775",0.02%
BANK OF AMERICA CORP COM STK USD0.01,US0605051046,"3,854.75","278,335",0.24%
BANK OF IRELAND GROUP PLC BIRG,IE00BD1RP616,578.77,"12,528",0.01%
BANK OF MONTREAL COM NPV,CA0636711016,391.69,"66,101",0.06%
BANK OF NEW YORK MELLON CORP COM STK USD0.01,US0640581007,391.75,"54,462",0.05%
BANK OF NOVA SCOTIA COM NPV,CA0641491075,656.4,"55,274",0.05%
BANK OF QUEENSLAND LTD,AU000000BOQ8,"12,213.07","95,018",0.08%
BANKINTER SA EUR0.3(REGD),ES0113679I37,253.08,"5,023",0.00%
BAPCOR LTD BURSON GROUP LTD,AU000000BAP9,"6,225.42","31,127",0.03%
BARCLAYS PLC ORD GBP0.25,GB0031348658,"7,720.16","54,450",0.05%
BARRATT REDROW PLC,GB0000811801,615.36,"5,866",0.00%
BARRICK MINING CORP,CA06849F1080,945.49,"29,975",0.03%
BARRY CALLEBAUT AG-REG CHF24.20 (REGD),CH0009002962,1.57,"2,598",0.00%
BASF SE BAS,DE000BASF111,494.34,"37,065",0.03%
BAXTER INTERNATIONAL INC COM USD1,US0718131099,276.15,"12,759",0.01%
BAYERISCHE MOTOREN WERKE AG BMW,DE0005190003,160.31,"21,668",0.02%
BAYERISCHE MOTOREN WERKE-PFD NON VTG PRF EUR1,DE0005190037,33.95,"4,275",0.00%
BCE INC COM NPV,CA05534B7604,26.85,907,0.00%
BE SEMICONDUCTOR INDUSTRIES,NL0012866412,45.59,"10,376",0.01%
BEACH ENERGY LTD NPV,AU000000BPT9,"29,296.84","38,672",0.03%
BECTON DICKINSON AND CO COM USD1,US0758871091,151.6,"39,846",0.03%
BEGA CHEESE LTD NPV,AU000000BGA8,"4,976.92","27,174",0.02%
BEIERSDORF AG BEI,DE0005200000,57.17,"10,916",0.01%
BEIJER REF AB,SE0015949748,201.28,"4,813",0.00%
BELLEVUE GOLD LTD BGL,AU0000019374,"26,869.81","24,183",0.02%
BENDIGO AND ADELAIDE BANK NPV,AU000000BEN6,"10,490.70","132,602",0.11%
BENTLEY SYSTEMS INC-CLASS B BSY,US08265T2087,87.61,"7,215",0.01%
BERKSHIRE HATHAWAY INC-CL B CLASS'B'COM USD0.0033,US0846707026,713.65,"528,986",0.45%
BEST BUY CO INC COM USD0.10,US0865161014,94.29,"9,658",0.01%
BHP GROUP LTD,AU000000BHP4,"93,614.92","3,440,348",2.92%
BIOGEN INC,US09062X1037,80.38,"15,403",0.01%
BIOMARIN PHARMACEUTICAL INC COM USD0.001,US09061G1013,101.39,"8,504",0.01%
BIOMERIEUX,FR0013280286,26.37,"5,546",0.00%
BKW AG CHF2.50,CH0130293662,13.28,"4,412",0.00%
BLACKROCK FUNDING INC/DE,US09290D1019,78.91,"126,342",0.11%
BLACKSTONE GROUP INC/THE,US09260D1072,387.25,"88,388",0.07%
BLOCK INC - CDI,AU0000380420,"1,000.48","102,699",0.09%
BLOCK INC SQ,US8522341036,302.82,"31,388",0.03%
BLUESCOPE STEEL LTD,AU000000BSL0,"8,095.18","187,080",0.16%
BNP PARIBAS EUR2,FR0000131104,555.92,"75,995",0.06%
BOC HONG KONG HOLDINGS LTD,HK2388011192,"2,164.51","14,347",0.01%
BOLIDEN AB,SE0020050417,161.06,"7,610",0.01%
BOLLORE SE,FR0000039299,294.92,"2,816",0.00%
BOOKING HOLDINGS INC,US09857L1089,17.55,"155,012",0.13%
BOSS RESOURCES LTD BOE,AU000000BOE4,"7,508.64","35,065",0.03%
BOSTON SCIENTIFIC CORP COM STK,US1011371077,789.48,"129,394",0.11%
BOUYGUES SA EUR1,FR0000120503,121.49,"8,357",0.01%
BP PLC ORD USD0.25,GB0007980591,"8,628.50","65,981",0.06%
BPER BANCA,IT0000066123,433.51,"5,991",0.01%
BRAMBLES LTD NPV,AU000000BXB1,"25,381.59","594,437",0.50%
BRENNTAG SE,DE000A1DAHH0,73.9,"7,439",0.01%
BREVILLE GROUP LTD,AU000000BRG2,"1,861.20","54,887",0.05%
BRICKWORKS LIMITED NPV,AU000000BKW4,"1,599.37","55,018",0.05%
BRIDGESTONE CORPORATION NPV,JP3830800003,291.61,"18,175",0.02%
BRISTOL-MYERS SQUIBB CO COM STK USD0.10,US1101221083,"1,086.94","76,775",0.07%
BRITISH AMERICAN TOBACCO PLC ORD GBP0.25,GB0002875804,"1,074.39","77,799",0.07%
BROADCOM INC,US11135F1012,"2,388.16","1,004,497",0.85%
BROADRIDGE FINANCIAL SOL-W/I COM STK USD0.01,US11133T1034,61.42,"22,777",0.02%
BROWN & BROWN INC COM,US1152361010,156.78,"26,523",0.02%
BROWN-FORMAN CORP-CLASS B 'B'COM USD0.15,US1156372096,107.36,"4,409",0.00%
BT GROUP PLC ORD GBP0.05,GB0030913577,"3,481.47","14,105",0.01%
BUILDERS FIRSTSOURCE INC COM USD0.01,US12008R1077,63.58,"11,321",0.01%
BUNGE GLOBAL SA,CH1300646267,68.42,"8,382",0.01%
BUNZL PLC ORD GBP0.32142857,GB00B0744B38,208.67,"10,123",0.01%
BUREAU VERITAS SA EUR0.12,FR0006174348,104.57,"5,420",0.00%
BURLINGTON STORES INC BURL,US1220171060,34.75,"12,336",0.01%
BWP TRUST,AU000000BWP3,"10,208.72","35,935",0.03%
BXP INC,US1011211018,73.63,"7,580",0.01%
C.H. ROBINSON WORLDWIDE INC COM USD0.1,US12541W2098,67.36,"9,862",0.01%
CADENCE DESIGN SYS INC COM STK USD0.01,US1273871087,146.43,"68,853",0.06%
CAIXABANK,ES0140609019,"2,101.30","27,679",0.02%
CAMDEN PROPERTY TRUST SBI USD0.01,US1331311027,61.75,"10,619",0.01%
CAN IMPERIAL BK OF COMMERCE COM NPV,CA1360691010,468.45,"50,636",0.04%
CANADIAN NATL RAILWAY CO COM NPV,CA1363751027,289.33,"45,909",0.04%
CANADIAN NATURAL RESOURCES COM NPV,CA1363851017,"1,139.28","54,529",0.05%
CANADIAN PACIFIC KANSAS CITY,CA13646K1084,501.97,"60,726",0.05%
CANADIAN TIRE CORP-CLASS A CLASS'A'CUM NON-VTG COM NPV,CA1366812024,20.2,"4,187",0.00%
CANADIAN UTILITIES LTD A CLASS'A'COM NON-VTG NPV,CA1367178326,57.6,"2,427",0.00%
CANON INC NPV,JP3242800005,516.25,"22,845",0.02%
CAPCOM CO LTD NPV,JP3218900003,196.37,"10,233",0.01%
CAPGEMINI SE,FR0000125338,90.11,"23,411",0.02%
CAPITAL ONE FINANCIAL CORP COM USD0.01,US14040H1059,344.36,"111,796",0.09%
CAPITALAND INTEGRATED COMMER,SG1M51904654,"3,514.39","9,137",0.01%
CAPITALAND INVESTMENT LTD/SI,SGXE62145532,"1,802.58","5,723",0.00%
CAPLAND ASCENDAS REIT,SG1M77906915,"2,345.78","7,532",0.01%
CAPRICORN METALS LTD CMM,AU000000CMM9,"7,961.37","76,031",0.06%
CAPSTONE COPPER CORP-CDI,AU0000318552,"3,464.24","32,633",0.03%
CAR GROUP LTD CAR,AU000000CAR3,"6,970.24","260,827",0.22%
CARDINAL HEALTH INC COM NPV,US14149Y1082,129.61,"33,225",0.03%
CARLISLE COS INC COM USD1,US1423391002,25.01,"14,252",0.01%
CARLSBERG AS-B SER'B'DKK20,DK0010181759,51.67,"11,133",0.01%
CARLYLE GROUP INC/THE,US14316J1088,124.66,"9,777",0.01%
CARNIVAL CORP COM USD0.01(PAIRED STOCK),PA1436583006,541.86,"23,250",0.02%
CARREFOUR SA EUR2.5,FR0000120172,322.46,"6,914",0.01%
CARRIER GLOBAL CORP-W/I,US14448C1045,420.11,"46,918",0.04%
CARVANA CO CVNA,US1468691027,63.98,"32,894",0.03%
CATALYST METALS LTD,AU000000CYL6,"3,542.55","18,492",0.02%
CATERPILLAR INC COM STK USD1,US1491231015,254.73,"150,893",0.13%
CBOE GLOBAL MARKETS INC,US12503M1080,56.87,"20,238",0.02%
CBRE GROUP INC,US12504L1098,165.32,"35,347",0.03%
CCL INDUSTRIES INC - CL B 'B'NON-VTG COM NPV,CA1249003098,83.62,"7,426",0.01%
CDW CORP/DE COM USD0.01,US12514G1085,71.52,"19,489",0.02%
CELESTICA INC,CA15101Q2071,63.75,"15,168",0.01%
CELLNEX TELECOM SA CLNX,ES0105066007,275.34,"16,250",0.01%
CENCORA INC,US03073E1055,97.56,"44,636",0.04%
CENOVUS ENERGY INC COM NPV,CA15135U1093,761.34,"15,776",0.01%
CENTENE CORP COM USD0.001,US15135B1017,263.14,"21,795",0.02%
CENTERPOINT ENERGY INC COM NPV,US15189T1079,358.88,"20,119",0.02%
CENTRAL JAPAN RAILWAY CO NPV,JP3566800003,389.27,"13,291",0.01%
CENTRICA PLC ORD GBP0.061728395,GB00B033F229,"2,675.56","9,038",0.01%
CENTURIA CAPITAL GROUP,AU000000CNI5,"15,220.41","25,646",0.02%
CENTURIA INDUSTRIAL REIT,AU000000CIP0,"9,781.35","30,518",0.03%
CF INDUSTRIES HOLDINGS INC COM USD0.01,US1252691001,91.13,"12,794",0.01%
CGI INC GIB/A,CA12532H1047,113.18,"18,100",0.02%
CHALLENGER LTD,AU000000CGF5,"10,236.58","82,712",0.07%
CHAMPION IRON LTD CIA,AU000000CIA2,"7,130.35","29,734",0.03%
CHARTER COMMUNICATIONS INC,US16119P1084,49.79,"31,059",0.03%
CHARTER HALL GROUP NPV (STAPLED),AU000000CHC0,"8,730.51","167,538",0.14%
CHARTER HALL LONG WALE REIT CLW,AU000000CLW0,"12,070.52","49,248",0.04%
CHARTER HALL RETAIL REIT,AU000000CQR9,"9,487.83","36,433",0.03%
CHECK POINT SOFTWARE TECH ORD ILS0.01,IL0010824113,49.3,"16,645",0.01%
CHENIERE ENERGY INC COM STK USD0.003,US16411R2085,121.63,"45,195",0.04%
CHEVRON CORP COM USD0.75,US1667641005,884.05,"193,160",0.16%
CHIBA BANK LTD/THE,JP3511800009,357.52,"5,040",0.00%
CHIPOTLE MEXICAN GRILL INC COM USD0.01,US1696561059,724.26,"62,054",0.05%
CHOCOLADEFABRIKEN LINDT-REG,CH0010570759,0.04,"9,731",0.01%
CHORUS LTD NPV,NZCNUE0001S2,"8,013.02","62,582",0.05%
CHUBB LTD,CH0044328745,202.36,"89,460",0.08%
CHUBU ELECTRIC POWER CO INC NPV,JP3526600006,377.46,"7,102",0.01%
CHUGAI PHARMACEUTICAL LTD NPV,JP3519400000,355.51,"28,261",0.02%
CHURCH & DWIGHT CO INC USD1,US1713401024,132.53,"19,435",0.02%
CIE FINANCIERE RICHEMON-REG CHF1.00 (REG) SER 'A',CH0210483332,289.02,"82,800",0.07%
CIGNA CORP,US1255231003,143.91,"72,594",0.06%
CINCINNATI FINANCIAL CORP COM USD2,US1720621010,87.52,"19,887",0.02%
CINTAS CORP COM,US1729081059,194.9,"66,283",0.06%
CISCO SYSTEMS INC COM USD0.001,US17275R1023,"2,114.02","223,805",0.19%
CITIGROUP INC COM USD0.01,US1729674242,"1,009.40","131,106",0.11%
CITIZENS FINANCIAL GROUP CFG,US1746101054,256.27,"17,499",0.01%
CK ASSET HOLDINGS LTD,KYG2177B1014,878.2,"5,906",0.01%
CK HUTCHISON HOLDINGS LTD,KYG217651051,"1,461.84","13,725",0.01%
CK INFRASTRUCTURE HOLDINGS LTD,BMG2178K1009,372.01,"3,757",0.00%
CLARITY PHARMACEUTICALS LTD,AU0000165375,"5,163.97","12,910",0.01%
CLEANAWAY WASTE MANAGEMENT L CWY,AU000000CWY3,"41,184.14","112,021",0.09%
CLOROX COMPANY COM USD1,US1890541097,69.75,"12,779",0.01%
CLOUDFLARE INC - CLASS A NET,US18915M1071,166.38,"49,716",0.04%
CLP HOLDINGS LTD,HK0002007356,896.3,"11,516",0.01%
CME GROUP INC CME,US12572Q1058,192.45,"80,940",0.07%
CMS ENERGY CORP COM USD0.01,US1258961002,167.22,"17,678",0.01%
CNH INDUSTRIAL NV CNH INDUSTRIAL NV,NL0010545661,499.55,"9,879",0.01%
COCA-COLA CO/THE COM USD0.25,US1912161007,"2,179.11","235,251",0.20%
COCA-COLA HBC AG-DI COCA-COLA HBC AG-CDI,CH0198251305,134.06,"10,663",0.01%
COCHLEAR LIMITED NPV,AU000000COH5,"1,207.41","362,730",0.31%
CODAN LTD NPV,AU000000CDA3,"2,164.51","43,528",0.04%
COGNIZANT TECH SOLUTIONS-A COM CL'A'USD0.01,US1924461023,259.82,"30,936",0.03%
COINBASE GLOBAL INC -CLASS A,US19260Q1076,106.63,"57,027",0.05%
COLES GROUP LTD,AU0000030678,"24,731.02","515,395",0.44%
COLGATE-PALMOLIVE CO COM USD1,US1941621039,408.55,"56,668",0.05%
COLOPLAST-B DKK1 B,DK0060448595,61.64,"8,903",0.01%
COMCAST CORP-CLASS A COM CLS'A' USD0.01,US20030N1019,"2,007.05","109,303",0.09%
COMMERZBANK AG NPV,DE000CBK1001,476.01,"22,833",0.02%
COMMONWEALTH BANK OF AUSTRAL NPV,AU000000CBA7,"30,875.69","5,704,283",4.83%
COMPAGNIE DE SAINT GOBAIN COMPAGNIE DE SAINT-GOBAIN,FR0000125007,245,"43,725",0.04%
COMPASS GROUP PLC,GB00BD6K4575,932.07,"48,081",0.04%
COMPUTERSHARE LTD NPV(POST REC),AU000000CPU5,"10,265.47","409,490",0.35%
CONAGRA BRANDS INC,US2058871029,263.07,"8,217",0.01%
CONCORDIA FINANCIAL GROUP LTD,JP3305990008,423.64,"4,194",0.00%
CONOCOPHILLIPS COM USD0.01,US20825C1045,676.55,"92,643",0.08%
CONSOLIDATED EDISON INC COM,US2091151041,193.54,"29,636",0.03%
CONSTELLATION BRANDS INC-A CLASS'A'COM USD0.01,US21036P1084,88.45,"21,957",0.02%
CONSTELLATION ENERGY-W/I,US21037T1097,167.49,"82,491",0.07%
CONSTELLATION SOFTWARE INC COM STK NPV,CA21037X1006,10.87,"60,707",0.05%
CONTACT ENERGY LTD CEN,NZCENE0001S6,444.99,"3,710",0.00%
CONTINENTAL AG NPV,DE0005439004,40.49,"5,374",0.00%
COOPER COS INC/THE,US2166485019,108.44,"11,775",0.01%
COPART INC COM NPV,US2172041061,486.24,"36,408",0.03%
COREBRIDGE FINANCIAL INC,US21871X1090,146.68,"7,945",0.01%
CORNING INC COM USD0.50,US2193501051,441.78,"35,452",0.03%
CORPAY INC,US2199481068,33.67,"17,050",0.01%
CORPORATE TRAVEL MANAGEMENT NPV,AU000000CTD3,"2,362.19","32,716",0.03%
CORTEVA INC-W/I,US22052L1044,366.74,"41,708",0.04%
COSTAR GROUP INC COM USD0.01,US22160N1090,219.01,"26,869",0.02%
COSTCO WHOLESALE CORP COM STK USD0.005,US22160K1051,236.29,"356,922",0.30%
COTERRA ENERGY INC,US1270971039,392.1,"15,185",0.01%
COVESTRO AG 1COV,DE0006062144,98.74,"10,710",0.01%
COVIVIO,FR0000064578,3.15,303,0.00%
CREDIT AGRICOLE SA EUR3,FR0000045072,595.04,"17,122",0.01%
CREDIT CORP GROUP LIMITED NPV,AU000000CCP3,"1,247.51","16,879",0.01%
CRH PLC,IE0001827041,370.19,"51,856",0.04%
CRODA INTERNATIONAL PLC,GB00BJFFLV09,63.56,"3,886",0.00%
CROWDSTRIKE HOLDINGS INC - A CRWD,US22788C1053,132.53,"102,993",0.09%
CROWN CASTLE INTL CORP CCI,US22822V1017,232.29,"36,413",0.03%
CROWN HOLDINGS INC COM USD5,US2283681060,57.9,"9,098",0.01%
CSL LTD,AU000000CSL8,"8,933.84","2,139,477",1.81%
CSX CORP COM USD1,US1264081035,"1,011.60","50,368",0.04%
CTS EVENTIM AG & CO KGAA,DE0005470306,33.65,"6,353",0.01%
CUMMINS INC COM USD2.50,US2310211063,74.73,"37,346",0.03%
CVC CAPITAL PARTNERS PLC,JE00BRX98089,55.29,"1,721",0.00%
CVS HEALTH CORP CVS,US1266501006,672.13,"70,747",0.06%
CYBER-ARK SOFTWARE LTD/ISRAE CYBR,IL0011334468,26.19,"16,262",0.01%
Coca-Cola Europacific Partne,GB00BDCPN049,114,"16,129",0.01%
D'IETEREN GROUP,BE0974259880,9.37,"3,063",0.00%
DAI NIPPON PRINTING CO LTD,JP3493800001,229.89,"5,318",0.00%
DAI-ICHI LIFE HOLDINGS INC,JP3476480003,"1,915.15","22,174",0.02%
DAIFUKU CO LTD NPV,JP3497400006,147.05,"5,782",0.00%
DAIICHI SANKYO CO LTD NPV,JP3475350009,922.93,"32,808",0.03%
DAIMLER TRUCK HOLDING AG,DE000DTR0CK8,262.32,"18,875",0.02%
DAITO TRUST CONSTRUCT CO LTD,JP3486800000,36.09,"5,977",0.01%
DAIWA HOUSE INDUSTRY CO LTD NPV,JP3505000004,322.19,"16,861",0.01%
DAIWA SECURITIES LTD JAPAN NPV,JP3502200003,675.28,"7,308",0.01%
DANAHER CORP COM USD0.01,US2358511028,341.86,"103,045",0.09%
DANONE EUR0.25,FR0000120644,361.07,"44,858",0.04%
DANSKE BANK A/S DANSKE BANK A/S,DK0010274414,400.92,"24,862",0.02%
DARDEN RESTAURANTS INC COM NPV,US2371941053,64.67,"21,510",0.02%
DASSAULT AVIATION SA,FR0014004L86,10.94,"5,884",0.00%
DASSAULT SYSTEMES SE,FR0014003TT8,369.68,"20,348",0.02%
DATA 3 LTD NPV DFD 23/11/11(EX SPLIT),AU000000DTL4,"2,839.76","21,611",0.02%
DATADOG INC - CLASS A DDOG,US23804L1035,148.09,"30,355",0.03%
DAVIDE CAMPARI-MILANO NV,NL0015435975,192.36,"1,967",0.00%
DAVITA INC,US23918K1088,23.97,"5,210",0.00%
DBS GROUP HOLDINGS LTD NPV,SG1L01001701,"1,096.37","58,990",0.05%
DCC PLC ORD EUR0.25,IE0002424939,61.69,"6,099",0.01%
DECKERS OUTDOOR CORP DECKERS OUTDOOR CORP,US2435371073,82.55,"12,983",0.01%
DEEP YELLOW LTD NPV,AU000000DYL4,"17,771.90","29,679",0.03%
DEERE & CO COM USD1,US2441991054,137.69,"106,837",0.09%
DELIVERY HERO AG,DE000A2E4K43,77.21,"3,177",0.00%
DELL TECHNOLOGIES -C W/I,US24703L2025,173.17,"32,395",0.03%
DELTA AIR LINES INC COM USD0.0001 'WI',US2473617023,93.22,"6,995",0.01%
DEMANT A/S,DK0060738599,28.7,"1,820",0.00%
DENSO CORP NPV,JP3551500006,"1,011.74","20,847",0.02%
DENTSU GROUP INC,JP3551520004,103.88,"3,507",0.00%
DESCARTES SYSTEMS GRP/THE COM NPV,CA2499061083,51.85,"8,020",0.01%
DETERRA ROYALTIES LTD,AU0000107484,"7,757.88","29,170",0.02%
DEUTSCHE BANK AG-REGISTERED ORD NPV(REGD),DE0005140008,"1,002.91","45,215",0.04%
DEUTSCHE BOERSE AG NPV(REGD),DE0005810055,102.7,"50,935",0.04%
DEUTSCHE LUFTHANSA-REG LHA,DE0008232125,318.07,"4,091",0.00%
DEUTSCHE TELEKOM AG-REG DTE,DE0005557508,"1,881.42","104,368",0.09%
DEVON ENERGY CORPORATION COM USD0.10,US25179M1036,341.18,"16,561",0.01%
DEXCOM INC COM USD0.001,US2521311074,209.26,"27,873",0.02%
DEXUS DXS,AU000000DXS1,"19,852.35","132,018",0.11%
DHL GROUP,DE0005552004,543.89,"38,198",0.03%
DIAGEO PLC ORD GBX28.935185,GB0002374006,"1,233.80","47,161",0.04%
DIAMONDBACK ENERGY INC,US25278X1090,97.86,"20,517",0.02%
DIASORIN SPA EUR1,IT0003492391,4.82,784,0.00%
DICK'S SPORTING GOODS INC COM USD0.01,US2533931026,32.43,"9,790",0.01%
DIGICO INFRASTRUCTURE REIT,AU0000367088,"7,170.83","24,094",0.02%
DIGITAL REALTY TRUST INC COM STK USD0.01,US2538681030,178.96,"47,605",0.04%
DISCO CORP JPY50,JP3548600000,49.47,"22,279",0.02%
DNB BANK ASA,NO0010161896,536.37,"22,532",0.02%
DOCUSIGN INC DOCU,US2561631068,102.12,"12,137",0.01%
DOLLAR GENERAL CORP COM USD0.875,US2566771059,117.37,"20,485",0.02%
DOLLAR TREE INC COM USD0.01,US2567461080,106.68,"16,122",0.01%
DOLLARAMA INC COM NPV,CA25675T1075,152.39,"32,697",0.03%
DOMINION ENERGY INC,US25746U1097,454.87,"39,230",0.03%
DOMINO'S PIZZA ENTERPRISES L NPV,AU000000DMP0,"1,272.01","24,512",0.02%
DOMINO'S PIZZA INC COM USD0.01,US25754A2015,17.66,"12,141",0.01%
DOORDASH INC - A,US25809K1051,190.84,"71,785",0.06%
DOVER CORP COM,US2600031080,76.93,"21,508",0.02%
DOW INC-W/I,US2605571031,375.28,"15,164",0.01%
DOWNER EDI LTD DOW,AU000000DOW2,"12,401.42","78,253",0.07%
DR HORTON INC COM USD0.01,US23331A1097,153.87,"30,270",0.03%
DR ING HC F PORSCHE AG,DE000PAG9113,55.57,"4,175",0.00%
DRAFTKINGS INC-CL A,US26142V1052,236.31,"15,466",0.01%
DRONESHIELD LTD,AU000000DRO2,"5,010.48","11,424",0.01%
DSM-FIRMENICH AG,CH1216478797,97.17,"15,710",0.01%
DSV A/S DKK1,DK0060079531,109.67,"40,073",0.03%
DTE ENERGY COMPANY COM NPV,US2333311072,113.51,"22,943",0.02%
DUKE ENERGY CORP NPV,US26441C2044,414.39,"74,613",0.06%
DUPONT DE NEMOURS INC,US26614N1028,225.89,"23,642",0.02%
DYNATRACE INC DT,US2681501092,145.08,"12,222",0.01%
DYNO NOBEL LTD,AU0000390544,"31,601.86","85,009",0.07%
E.ON SE EOAN,DE000ENAG999,"1,139.41","31,889",0.03%
EAGERS AUTOMOTIVE LTD,AU000000APE3,"3,146.33","54,903",0.05%
EAST JAPAN RAILWAY CO NPV,JP3783600004,508.14,"16,684",0.01%
EBAY INC COM USD0.001,US2786421030,251.65,"28,592",0.02%
EBOS GROUP LTD EBO,NZEBOE0001S6,595.08,"21,179",0.02%
ECOLAB INC COM,US2788651006,136.35,"56,058",0.05%
EDENRED EUR2,FR0010908533,126.04,"5,935",0.01%
EDISON INTERNATIONAL COM NPV,US2810201077,199.3,"15,693",0.01%
EDP RENOVAVEIS SA EUR5,ES0127797019,216.01,"3,666",0.00%
EDP-ENERGIAS DE PORTUGAL SA EUR1,PTEDP0AM0009,"1,297.19","8,555",0.01%
EDWARDS LIFESCIENCES CORP COM STK USD1,US28176E1082,311.9,"37,223",0.03%
EIFFAGE EUR4 (POST SUBDIVISION),FR0000130452,26.35,"5,627",0.00%
EISAI CO LTD,JP3160400002,150.99,"6,616",0.01%
ELDERS LTD ELD,AU000000ELD6,"3,471.53","21,871",0.02%
ELECTRONIC ARTS INC COM USD0.01,US2855121099,132.11,"32,193",0.03%
ELEMENT FINANCIAL CORP ELEMENT FINANCIAL CORP,CA2861812014,181.27,"6,914",0.01%
ELEVANCE HEALTH INC ANTM,US0367521038,119.76,"71,077",0.06%
ELI LILLY & CO COM STK NPV,US5324571083,431.39,"513,130",0.43%
ELIA GROUP SA/NV,BE0003822393,23.06,"4,038",0.00%
ELISA OYJ SER'A'SHS NPV,FI0009007884,61.07,"5,150",0.00%
EMCOR GROUP INC COM STK USD0.01,US29084Q1004,25.51,"20,818",0.02%
EMERA INC COM NPV,CA2908761018,120.74,"8,423",0.01%
EMERALD RESOURCES NL,AU000000EMR4,"10,682.92","41,877",0.04%
EMERSON ELECTRIC CO COM USD0.50,US2910111044,303.36,"61,717",0.05%
EMPIRE CO LTD 'A' CLASS'A'N/VTG COM NPV,CA2918434077,44.98,"2,842",0.00%
EMS-CHEMIE HOLDING AG-REG CHF0.01(REGD)(POST RECON),CH0016440353,2.77,"3,181",0.00%
ENBRIDGE INC COM NPV,CA29250N1050,"1,148.96","79,341",0.07%
ENDEAVOUR GROUP LTD/AUSTRALI,AU0000154833,"28,101.61","112,687",0.10%
ENDESA SA,ES0130670112,198.28,"9,550",0.01%
ENEL SPA EUR1,IT0003128367,"4,474.81","64,570",0.05%
ENEOS HOLDINGS INC,JP3386450005,"1,351.22","10,207",0.01%
ENI SPA NPV,IT0003132476,"1,252.14","30,861",0.03%
ENTAIN PLC GVC HOLDINGS PLC,IM00B5VQMV65,294.74,"5,553",0.00%
ENTEGRIS INC COM USD0.01,US29362U1043,82.99,"10,213",0.01%
ENTERGY CORP COM USD0.01,US29364G1031,239.81,"30,416",0.03%
EOG RESOURCES INC COM USD0.01,US26875P1012,297.72,"54,338",0.05%
EPIROC AB-A,SE0015658109,231.83,"7,624",0.01%
EPIROC AB-B,SE0015658117,280.38,"8,125",0.01%
EQT AB,SE0012853455,158.13,"7,998",0.01%
EQT CORP COM STK NPV,US26884L1098,309.77,"27,567",0.02%
EQUIFAX INC COM USD1.25,US2944291051,65.99,"26,116",0.02%
EQUINIX INC EQIX,US29444U7000,52.25,"63,419",0.05%
EQUINOR ASA,NO0010096985,466.97,"17,962",0.02%
EQUITABLE HOLDINGS INC,US29452E1010,172.73,"14,786",0.01%
EQUITY LIFESTYLE PROPERTIES COM USD0.01,US29472R1086,104.13,"9,799",0.01%
EQUITY RESIDENTIAL SBI USD0.01,US29476L1070,179.33,"18,468",0.02%
ERICSSON LM-B SHS NPV SER'B',SE0000108656,"1,532.57","19,861",0.02%
ERIE INDEMNITY COMPANY-CL A CLASS'A' COM STK NPV,US29530P1021,14.02,"7,419",0.01%
ERSTE GROUP BANK AG NPV,AT0000652011,165.11,"21,383",0.02%
ESSENTIAL UTILITIES INC,US29670G1022,145.76,"8,260",0.01%
ESSEX PROPERTY TRUST INC COM USD0.0001,US2971781057,35.75,"15,461",0.01%
ESSILORLUXOTTICA EI,FR0000121667,159.32,"66,463",0.06%
ESSITY AKTIEBOLAG-B,SE0009922164,296.31,"12,430",0.01%
ESTEE LAUDER COMPANIES-CL A CLASS'A'COM USD0.01,US5184391044,120.72,"14,883",0.01%
EURAZEO SE,FR0000121121,3.61,392,0.00%
EUROFINS SCIENTIFIC,FR0014000MR3,65.07,"7,045",0.01%
EURONEXT NV ENX,NL0006294274,46.8,"12,164",0.01%
EVEREST GROUP LTD,BMG3223R1088,20.96,"10,869",0.01%
EVERGY INC,US30034W1062,113.21,"11,907",0.01%
EVERSOURCE ENERGY ES,US30040W1080,198.76,"19,295",0.02%
EVOLUTION AB EVO,SE0012673267,85.27,"10,262",0.01%
EVOLUTION MINING LTD,AU000000EVN4,"36,711.87","285,985",0.24%
EVONIK INDUSTRIES AG EVONIK INDUSTRIES AG,DE000EVNK013,131.93,"4,136",0.00%
EVT LTD,AU000000EVT1,"1,937.17","32,254",0.03%
EXELON CORP COM NPV,US30161N1019,544.5,"36,075",0.03%
EXOR NV,NL0012059018,35.41,"5,430",0.00%
EXPAND ENERGY CORP,US1651677353,113.44,"20,242",0.02%
EXPEDIA INC COM USD0.001 (POST-SPLIT),US30212P3038,68.35,"17,593",0.01%
EXPEDITORS INTL WASH INC COM USD0.01,US3021301094,77.03,"13,428",0.01%
EXPERIAN PLC ORD USD0.10,GB00B19NLV48,515.46,"40,441",0.03%
EXTRA SPACE STORAGE INC COM USD0.01,US30225T1025,113.65,"25,569",0.02%
EXXON MOBIL CORP COM NPV,US30231G1022,"2,302.90","378,809",0.32%
F5 INC,US3156161024,28.94,"12,995",0.01%
FACTSET RESEARCH SYSTEMS INC COM USD0.01,US3030751057,21.3,"14,537",0.01%
FAIR ISAAC CORP COM USD0.01,US3032501047,13.12,"36,583",0.03%
FAIRFAX FINANCIAL HLDGS LTD FRFHF,CA3039011026,10.86,"29,839",0.03%
FANUC CORP NPV,JP3802400006,519.6,"21,627",0.02%
FAST RETAILING CO LTD NPV,JP3802300008,100.7,"52,678",0.04%
FASTENAL CO COM USD0.01,US3119001044,593.83,"38,057",0.03%
FASTIGHETS AB BALDER-B SHRS,SE0017832488,213.37,"2,400",0.00%
FDJ UNITED,FR0013451333,74.24,"4,428",0.00%
FEDEX CORP COM STK USD0.10,US31428X1063,122.18,"42,379",0.04%
FERGUSON ENTERPRISES INC,US31488V1070,107.94,"35,865",0.03%
FERRARI NV RACE,NL0011585146,68.45,"51,018",0.04%
FERROVIAL SE,NL0015001FS8,275.14,"22,306",0.02%
FERROVIAL SE - SCRIP RIGHTS06JUNE25,NL0015002I79,290.67,166,0.00%
FIDELITY NATIONAL FINANCIAL FNF GROUP,US31620R3030,147.8,"12,643",0.01%
FIDELITY NATIONAL INFO SERV FIS,US31620M1062,286.11,"35,542",0.03%
FIFTH THIRD BANCORP COM NPV,US3167731005,356.47,"22,372",0.02%
FINECOBANK SPA FINECOBANK SPA,IT0000072170,362.73,"12,238",0.01%
FIRST CITIZENS BCSHS  -CL A CLASS'A'COM USD1,US31946M1036,5.31,"15,852",0.01%
FIRST QUANTUM MINERALS LTD COM NPV,CA3359341052,389.56,"10,538",0.01%
FIRST SOLAR INC COM STK USD0.001,US3364331070,54.48,"13,762",0.01%
FIRSTENERGY CORP COM USD0.10,US3379321074,291.69,"17,920",0.02%
FIRSTSERVICE CORP,CA33767E2024,21.17,"5,625",0.00%
FISERV INC,US3377381088,302.77,"79,652",0.07%
FISHER & PAYKEL HEALTHCARE C NPV,NZFAPE0001S2,"3,800.81","127,748",0.11%
FLETCHER BUILDING LTD NPV,NZFBUE0001S0,"8,583.12","23,174",0.02%
FLIGHT CENTRE TRAVEL GROUP LTD,AU000000FLT9,"3,568.27","44,532",0.04%
FLUTTER ENTERTAINMENT PLC,IE00BWT6H894,94.04,"41,003",0.03%
FORD MOTOR CO,US3453708600,"2,091.35","34,625",0.03%
FORTESCUE LTD,AU000000FMG4,"31,247.78","477,466",0.40%
FORTINET INC COM USD0.001,US34959E1091,350.84,"56,597",0.05%
FORTIS INC FTS,CA3495531079,280.24,"20,377",0.02%
FORTUM OYJ EUR3.40,FI0009007132,260.52,"7,415",0.01%
FOX CORP - CLASS A - W/I,US35137L1052,158.86,"13,584",0.01%
FOX CORP- CLASS B,US35137L2043,41.83,"3,296",0.00%
FRANCO-NEVADA CORP COM NPV,CA3518581051,98.58,"24,647",0.02%
FREEPORT-MCMORAN INC,US35671D8570,767.44,"50,764",0.04%
FRESENIUS MEDICAL CARE AG,DE0005785802,106.32,"9,265",0.01%
FRESENIUS SE & CO KGAA FRE,DE0005785604,206.95,"15,821",0.01%
FUJI ELECTRIC CO LTD,JP3820000002,80.09,"5,629",0.00%
FUJIFILM HOLDINGS CORP NPV,JP3814000000,585.59,"19,437",0.02%
FUJIKURA LIMITED SHS,JP3811000003,132.74,"10,616",0.01%
FUTU HOLDINGS LTD-ADR,US36118L1061,31.54,"5,948",0.01%
GALAXY ENTERTAINMENT GROUP L,HK0027032686,"1,263.40","8,559",0.01%
GALDERMA GROUP AG,CH1335392721,60.49,"13,336",0.01%
GALP ENERGIA SGPS SA-B SHRS EUR1,PTGAL0AM0009,252.79,"7,050",0.01%
GAMING AND LEISURE PROPE-W/I COM USD0.01,US36467J1088,152.02,"10,828",0.01%
GARMIN LTD COM CHF10.00,CH0114405324,84.74,"26,988",0.02%
GARTNER INC COM STK USD0.0005,US3666511072,41.74,"25,744",0.02%
GDF SUEZ GSZ,FR0010208488,"1,008.88","36,006",0.03%
GE HEALTHCARE TECHNOLOG-W/I,US36266G1076,245.73,"27,773",0.02%
GE VERNOVA LLC,US36828A1016,146.47,"118,264",0.10%
GEA GROUP AG NPV,DE0006602006,92.95,"9,889",0.01%
GEBERIT AG-REG CHF0.10(REGD) (POST SUBD),CH0030170408,16.17,"19,337",0.02%
GECINA SA EUR7.50,FR0010040865,17.81,"2,976",0.00%
GEN DIGITAL INC,US6687711084,283.55,"12,720",0.01%
GENERAL ELECTRIC CO,US3696043013,569.56,"223,697",0.19%
GENERAL MILLS INC COM STK USD0.10,US3703341046,293.59,"23,210",0.02%
GENERAL MOTORS CO,US37045V1008,518.3,"38,919",0.03%
GENERATION DEVELOPMENT GROUP,AU0000005126,"6,874.45","37,809",0.03%
GENESIS MINERALS LTD,AU000000GMD9,"20,839.81","89,611",0.08%
GENMAB A/S DKK1 (BEARER),DK0010272202,34.24,"10,810",0.01%
GENTING SINGAPORE LTD GRNS,SGXE21576413,"4,203.69","3,601",0.00%
GENTRACK GROUP LTD GTK,NZGTKE0002S9,"1,692.56","19,515",0.02%
GENUINE PARTS CO COM,US3724601055,76.91,"14,237",0.01%
GETLINK SE,FR0010533075,155.57,"4,567",0.00%
GFL ENVIRONMENTAL INC-SUB VT,CA36168Q1046,115.1,"8,848",0.01%
GILDAN ACTIVEWEAR INC COM NPV,CA3759161035,91,"6,828",0.01%
GILEAD SCIENCES INC COM USD0.001,US3755581036,667.98,"113,007",0.10%
GIVAUDAN-REG CHF10,CH0010645932,4.99,"36,754",0.03%
GJENSIDIGE FORSIKRING ASA NOK2,NO0010582521,37.85,"1,458",0.00%
GLENCORE PLC,JE00B4T3BW64,"5,559.67","32,970",0.03%
GLOBAL PAYMENTS INC COM NPV,US37940X1028,135.62,"16,564",0.01%
GODADDY INC - CLASS A GDDY,US3802371076,78.05,"21,443",0.02%
GOLD ROAD RESOURCES LTD NPV,AU000000GOR5,"20,019.08","65,462",0.06%
GOLDMAN SACHS GROUP INC COM STK USD0.01,US38141G1040,166.46,"179,767",0.15%
GOODMAN GROUP,AU000000GMG2,"37,474.04","1,283,111",1.09%
GPT GROUP NPV (STAPLED SECURITIES),AU000000GPT8,"35,355.37","171,120",0.15%
GRAB HOLDINGS LTD - CL A,KYG4124C1096,"1,218.70","9,354",0.01%
GRACO INC COM USD1,US3841091040,100.64,"13,202",0.01%
GRAINCORP LTD-A,AU000000GNC9,"4,056.56","31,560",0.03%
GREAT-WEST LIFECO INC COM,CA39138C1068,164.63,"9,534",0.01%
GRIFOLS SA GRF,ES0171996087,128.57,"2,384",0.00%
GROUPE BRUXELLES LAMBERT SA GROUPE BRUXELLES LAMBERT SA,BE0003797140,77.77,"10,071",0.01%
GSK PLC,GB00BN7SWP63,"2,220.00","64,525",0.05%
GUZMAN Y GOMEZ LTD,AU0000336679,855.97,"24,215",0.02%
HALEON PLC,GB00BMX86B70,"4,684.13","36,671",0.03%
HALLIBURTON CO COM STK USD2.50,US4062161017,467.44,"14,536",0.01%
HALMA PLC ORD GBP0.10,GB0004052071,177.1,"11,850",0.01%
HANG SENG BANK,HK0011000095,344.4,"7,873",0.01%
HANKYU HANSHIN HOLDINGS INC,JP3774200004,151.56,"6,276",0.01%
HANNOVER RUECK SE,DE0008402215,31.54,"15,095",0.01%
HARTFORD INSURANCE GROUP INC,US4165151048,156.74,"30,344",0.03%
HARVEY NORMAN HOLDINGS LTD NPV,AU000000HVN7,"11,506.32","60,638",0.05%
HCA HEALTHCARE INC,US40412C1018,98.03,"57,305",0.05%
HEALTHPEAK PROPERTIES INC,US42250P1030,383.4,"10,244",0.01%
HEIDELBERG MATERIALS AG,DE0006047004,70.84,"25,307",0.02%
HEINEKEN HOLDING NV EUR1.60,NL0000008977,58.36,"6,612",0.01%
HEINEKEN NV EUR1.60,NL0000009165,149.14,"19,774",0.02%
HELIA GROUP LTD,AU0000251498,"5,079.39","28,597",0.02%
HELVETIA HOLDING AG-REG,CH0466642201,19.59,"6,990",0.01%
HENDERSON LAND DEVELOPMENT HKD2,HK0012000102,449.88,"2,400",0.00%
HENKEL AG & CO KGAA NPV(BR),DE0006048408,87.7,"9,661",0.01%
HENKEL AG & CO KGAA VORZUG NON-VTG PRF NPV,DE0006048432,63.59,"7,593",0.01%
HENNES & MAURITZ AB-B SHS SER'B'NPV,SE0000106270,326.09,"6,939",0.01%
HERMES INTERNATIONAL NPV,FR0000052292,16.87,"69,459",0.06%
HERSHEY CO/THE COM USD1,US4278661081,80.01,"20,260",0.02%
HESS CORP COM USD1,US42809H1077,153.06,"32,357",0.03%
HEWLETT PACKARD ENTERPRIS-WI HPE-W,US42824C1099,719.36,"22,447",0.02%
HEXAGON AB-B SHS,SE0015961909,"1,163.05","17,720",0.02%
HIKARI TSUSHIN INC NPV,JP3783420007,4.62,"2,079",0.00%
HIKMA PHARMACEUTICALS PLC,GB00B0LCW083,56.69,"2,357",0.00%
HILTON WORLDWIDE HOLDINGS IN HLT-W,US43300A2033,130.58,"53,070",0.04%
HITACHI LTD NPV,JP3788600009,"2,452.33","108,935",0.09%
HKT TRUST AND HKT LTD SHARE STAPLED UNIT,HK0000093390,"2,292.31","5,222",0.00%
HMC CAPITAL LTD,AU0000058943,"5,522.33","28,164",0.02%
HOLCIM LTD LHN,CH0012214059,285.49,"32,234",0.03%
HOLMEN AB-B SHARES,SE0011090018,62.86,"3,776",0.00%
HOLOGIC INC COM USD0.01,US4364401012,120.25,"11,957",0.01%
HOME DEPOT INC COM USD0.05,US4370761029,528.27,"295,544",0.25%
HOMECO DAILY NEEDS REIT,AU0000113136,"33,087.31","41,525",0.04%
HONDA MOTOR CO LTD NPV,JP3854600008,"2,267.86","33,409",0.03%
HONG KONG & CHINA GAS HKD0.25,HK0003000038,"4,934.06","6,320",0.01%
HONG KONG EXCHANGES & CLEAR HKD1,HK0388045442,651.49,"53,036",0.04%
HONGKONG LAND HOLDINGS LTD HKHGF,BMG4587L1090,705.82,"6,214",0.01%
HORMEL FOODS CORP COM USD0.0586,US4404521001,168.21,"7,764",0.01%
HOSHIZAKI CORPORATION,JP3845770001,36.26,"1,906",0.00%
HOWMET AEROSPACE INC,US4432011082,209.08,"59,383",0.05%
HOYA CORP NPV,JP3837800006,187.01,"33,890",0.03%
HP INC HPQ,US40434L1052,513.43,"19,163",0.02%
HSBC HOLDINGS PLC ORD USD0.50(UK REG),GB0005405286,"9,493.68","175,050",0.15%
HUB24 LTD,AU000000HUB4,"1,498.63","133,633",0.11%
HUBBELL INC -CL B,US4435106079,28.16,"17,550",0.01%
HUBSPOT INC HUBS,US4435731009,26.38,"22,405",0.02%
HULIC CO LTD,JP3360800001,343.12,"5,265",0.00%
HUMANA INC COM USD0.166,US4448591028,64.22,"23,958",0.02%
HUNT JB COM USD0.01,US4456581077,45.7,"10,013",0.01%
HUNTINGTON BANCSHARES INC COM STK NPV,US4461501045,806.64,"20,629",0.02%
HYATT HOTELS CORP - CL A COM USD0.01 CLASS 'A',US4485791028,26.48,"5,642",0.00%
HYDRO ONE LTD H,CA4488112083,156.57,"8,592",0.01%
IA FINANCIAL CORP INC,CA45075E1043,35.01,"5,845",0.00%
IBERDROLA SA EUR0.75,ES0144580Y14,"3,136.86","91,528",0.08%
IDEMITSU KOSAN CO LTD NPV,JP3142500002,354,"3,272",0.00%
IDEX CORP USD0.01,US45167R1041,34.24,"9,173",0.01%
IDEXX LABORATORIES INC COM USD0.10,US45168D1046,43.37,"35,496",0.03%
IDP EDUCATION LTD IEL,AU000000IEL5,"5,107.24","18,744",0.02%
IGM FINANCIAL INC COM NPV,CA4495861060,42.34,"2,037",0.00%
IGO LTD,AU000000IGO4,"12,366.48","51,568",0.04%
IHI CORP NPV,JP3134800006,74.05,"12,235",0.01%
ILLINOIS TOOL WORKS COM NPV,US4523081093,148.28,"55,945",0.05%
ILLUMINA INC COM USD0.01,US4523271090,86.2,"12,549",0.01%
ILUKA RESOURCES LIMITED NPV,AU000000ILU1,"7,854.79","29,848",0.03%
IMCD NV IMCD,NL0010801007,32.09,"6,556",0.01%
IMDEX LIMITED NPV,AU000000IMD5,"9,466.88","25,750",0.02%
IMPERIAL BRANDS PLC,GB0004544929,446.67,"26,871",0.02%
IMPERIAL OIL LTD COM NPV,CA4530384086,103.93,"12,573",0.01%
INCYTE CORP COM USD0.001,US45337C1027,92.79,"9,642",0.01%
INDUSTRIA DE DISENO TEXTIL ITX,ES0148396007,584.55,"46,258",0.04%
INDUSTRIVARDEN AB-A SHS INDUA,SE0000190126,67.73,"3,722",0.00%
INDUSTRIVARDEN AB-C SHS SER'C'NPV,SE0000107203,123.11,"6,735",0.01%
INDUTRADE AB NPV,SE0001515552,128.29,"5,303",0.00%
INFINEON TECHNOLOGIES AG,DE0006231004,705.22,"45,620",0.04%
INFORMA PLC INFORMA PLC,GB00BMJ6DW54,765.26,"12,894",0.01%
INFRASTRUTTURE WIRELESS ITAL INW,IT0005090300,184.7,"3,434",0.00%
INFRATIL LTD,NZIFTE0003S3,532.97,"5,233",0.00%
INFRATIL LTD IFT,NZIFTE0003S3,"1,985.86","19,442",0.02%
ING GROEP NV-CVA,NL0011821202,"1,737.45","57,966",0.05%
INGENIA COMMUNITIES GROUP NPV (UNITS),AU000000INA9,"6,878.83","37,627",0.03%
INGERSOLL-RAND INC,US45687V1061,221.7,"28,139",0.02%
INGHAMS GROUP LTD ING,AU000000ING6,"6,814.08","24,190",0.02%
INPEX CORP NPV,JP3294460005,501.46,"10,727",0.01%
INPOST SA,LU2290522684,88.47,"2,234",0.00%
INSULET CORP COM STK USD0.001,US45784P1012,37.62,"18,035",0.02%
INSURANCE AUSTRALIA GROUP SHS,AU000000IAG3,"43,647.09","394,133",0.33%
INTACT FINANCIAL CORP INTACT FINANCIAL CORP,CA45823T1066,98.63,"34,926",0.03%
INTEL CORP,US4581401001,"2,325.25","79,477",0.07%
INTERACTIVE BROKERS GRO-CL A COM STK CLASS 'A' USD0.01,US45841N1072,241.73,"20,438",0.02%
INTERCONTINENTAL EXCHANGE IN INTERCONTINENTALEXCHANGE INC,US45866F1049,307.3,"86,032",0.07%
INTERCONTINENTAL HOTELS GROU,GB00BHJYC057,86.78,"15,069",0.01%
INTERNATIONAL PAPER CO COM USD1,US4601461035,272.83,"19,496",0.02%
INTERTEK GROUP PLC ORD GBP0.01,GB0031638363,86.1,"8,534",0.01%
INTESA SANPAOLO EUR0.52,IT0000072618,"8,308.07","72,792",0.06%
INTL BUSINESS MACHINES CORP COM USD0.20,US4592001014,494.63,"222,489",0.19%
INTL CONSOLIDATED AIRLINE-DI ORD EUR0.50,ES0177542018,442.33,"3,158",0.00%
INTL FLAVORS & FRAGRANCES IFF,US4595061015,133.55,"14,988",0.01%
INTUIT INC,US4612021034,148.84,"178,888",0.15%
INTUITIVE SURGICAL INC COM USD0.001,US46120E6023,191.19,"158,534",0.13%
INVESTMENT AB LATOUR-B SHS,SE0010100958,49.83,"1,988",0.00%
INVESTOR AB-B SHS,SE0015811963,948.28,"42,474",0.04%
INVITATION HOMES INC,US46187W1071,315.27,"15,779",0.01%
IPH LTD IPH,AU000000IPH9,"4,547.26","20,826",0.02%
IPSEN EUR1,FR0010259150,10.66,"1,930",0.00%
IQVIA HOLDINGS INC,US46266C1053,95.69,"23,009",0.02%
IRESS LTD NPV,AU000000IRE2,"3,425.33","27,403",0.02%
IRON MOUNTAIN INC IRM,US46284V1017,159.23,"24,922",0.02%
ISRAEL DISCOUNT BANK-A ILS0.10 SER'A',IL0006912120,523.8,"7,965",0.01%
ISUZU MOTORS LTD NPV,JP3137200006,290.38,"5,615",0.00%
ITOCHU CORP NPV,JP3143600009,631.82,"50,433",0.04%
IVANHOE MINES LTD-CL A IVN,CA46579R1047,426.87,"4,883",0.00%
JABIL INC,US4663131039,59.78,"19,894",0.02%
JACK HENRY & ASSOCIATES INC COM USD0.01,US4262811015,40.49,"11,131",0.01%
JAMES HARDIE INDUSTRIES PLC,AU000000JHX1,"7,931.77","330,755",0.28%
JAPAN AIRLINES CO LTD NPV,JP3705200008,140.28,"4,359",0.00%
JAPAN EXCHANGE GROUP INC NPV,JP3183200009,445.92,"6,880",0.01%
JAPAN POST BANK CO LTD 7182,JP3946750001,878.1,"14,424",0.01%
JAPAN POST HOLDINGS CO LTD 6178,JP3752900005,967.9,"13,655",0.01%
JAPAN POST INSURANCE CO LTD 7181,JP3233250004,44.43,"1,531",0.00%
JAPAN TOBACCO INC NPV,JP3726800000,622.03,"27,914",0.02%
JARDINE MATHESON HLDGS LTD ORD USD0.25,BMG507361001,83.59,"6,130",0.01%
JB HI-FI LTD NPV,AU000000JBH7,"2,017.85","222,669",0.19%
JD SPORTS FASHION,GB00BM8Q5M07,778.68,"1,445",0.00%
JDE PEET'S BV JDEP,NL0014332678,123.97,"5,382",0.00%
JERONIMO MARTINS EUR1.,PTJMT0AE0001,176.11,"6,776",0.01%
JFE HOLDINGS INC NPV,JP3386030005,314.57,"5,573",0.00%
JM SMUCKER CO/THE COM NPV,US8326964058,58.51,"8,768",0.01%
JOHNSON & JOHNSON COM STK USD1,US4781601046,"1,294.49","301,721",0.26%
JOHNSON CONTROLS INTERNATION,IE00BY7QL619,356.71,"57,489",0.05%
JPMORGAN CHASE & CO COM USD1,US46625H1005,"1,494.59","661,169",0.56%
JUDO CAPITAL HOLDINGS LTD,AU0000182271,"20,497.66","32,079",0.03%
JULIUS BAER GROUP LTD CHF0.02 (REGD),CH0102484968,113.28,"11,648",0.01%
JUNIPER NETWORKS INC COM USD0.00001,US48203R1041,176.8,"10,772",0.01%
KAJIMA CORP,JP3210200006,245.55,"9,761",0.01%
KANSAI ELECTRIC POWER CO INC NPV,JP3228600007,441,"7,962",0.01%
KAO CORP,JP3205800000,249.83,"17,042",0.01%
KAROON ENERGY LTD,AU000000KAR6,"14,287.06","27,431",0.02%
KAWASAKI KISEN KAISHA LTD NPV,JP3223800008,200.2,"4,323",0.00%
KBC GROEP NV NPV,BE0003565737,133.45,"20,954",0.02%
KDDI CORP,JP3496400007,"1,627.00","42,625",0.04%
KELLANOVA,US4878361082,146.29,"17,753",0.02%
KENVUE INC,US49177J1025,"1,021.80","32,633",0.03%
KEPPEL LTD,SG1U68934629,769.85,"6,844",0.01%
KERING EUR4,FR0000121485,40.23,"13,301",0.01%
KERRY GROUP PLC-A 'A'ORD EUR0.125,IE0004906560,89.38,"14,780",0.01%
KESKO OYJ-B SHS EUR2 SER'B',FI0009000202,210.06,"7,879",0.01%
KEURIG DR PEPPER INC,US49271V1008,702.76,"35,452",0.03%
KEYCORP COM USD1,US4932671088,505.91,"13,448",0.01%
KEYENCE CORP NPV,JP3236200006,104.57,"63,892",0.05%
KEYERA CORP COM NPV,CA4932711001,148.69,"7,406",0.01%
KEYSIGHT TECHNOLOGIES IN KEYS-W,US49338L1035,94.6,"23,653",0.02%
KIKKOMAN CORPORATION KIKKOMAN CORPORATION,JP3240400006,355.31,"5,022",0.00%
KIMBERLY-CLARK CORP COM USD1.25,US4943681035,176.16,"34,653",0.03%
KIMCO REALTY CORP COM USD0.01,US49446R1095,357.21,"11,457",0.01%
KINDER MORGAN INC COM USD0.01,US49456B1017,"1,090.19","48,908",0.04%
KINGFISHER PLC ORD GBP0.157142857,GB0033195214,936.49,"5,694",0.00%
KINGSPAN GROUP PLC ORD EUR0.13,IE0004927939,75.42,"10,493",0.01%
KINROSS GOLD CORP COM NPV,CA4969024047,647.08,"15,399",0.01%
KIRIN HOLDINGS COMPANY LIMITED NPV,JP3258000003,357.41,"7,625",0.01%
KKR & CO INC,US48251W1045,334.86,"67,973",0.06%
KLA-TENCOR CORPORATION COM USD0.001,US4824801009,70.81,"96,784",0.08%
KLEPIERRE EUR1.40,FR0000121964,126.06,"7,551",0.01%
KNORR-BREMSE AG,DE000KBX1006,24.45,"3,593",0.00%
KOBE BUSSAN CO LTD 3038,JP3291200008,68.79,"3,254",0.00%
KONAMI GROUP CORP,JP3300200007,56.87,"13,707",0.01%
KONE OYJ-B NPV ORD 'B',FI0009013403,169.3,"16,945",0.01%
KONINKLIJKE AHOLD DELHAIZE NV,NL0011794037,503.6,"32,023",0.03%
KONINKLIJKE KPN NV KPN,NL0000009082,"2,152.55","15,947",0.01%
KONINKLIJKE PHILIPS NV EUR0.20,NL0000009538,470.37,"17,196",0.01%
KRAFT HEINZ CO/THE KHC,US5007541064,478.11,"18,837",0.02%
KROGER CO COM USD1,US5010441013,337.85,"36,978",0.03%
KUBOTA CORP,JP3266400005,556.53,"9,536",0.01%
KUEHNE & NAGEL INTL AG-REG CHF1(REGD)(POST-SUBD),CH0025238863,27.88,"9,174",0.01%
KYOCERA CORP ORD,JP3249600002,706.73,"12,942",0.01%
KYOWA KIRIN CO LTD,JP3256000005,152.06,"3,960",0.00%
L'OREAL EUR0.20,FR0000120321,128.77,"83,751",0.07%
LABCORP HOLDINGS INC,US5049221055,44.54,"17,839",0.02%
LAM RESEARCH CORP,US5128073062,684.1,"101,611",0.09%
LAND SECURITIES GROUP PLC,GB00BYW0PQ60,269.8,"3,560",0.00%
LAS VEGAS SANDS CORP COM USD0.001,US5178341070,185,"12,282",0.01%
LASERTEC CORP NPV,JP3979200007,44.07,"9,037",0.01%
LEG IMMOBILIEN AG NPV,DE000LEG1110,42.02,"5,672",0.00%
LEGAL & GENERAL GROUP PLC ORD GBP0.025,GB0005603997,"2,872.75","15,294",0.01%
LEGRAND SA EUR4,FR0010307819,148.69,"30,228",0.03%
LENDLEASE GROUP,AU000000LLC3,"12,105.84","65,129",0.06%
LENNAR CORP COM,US5260571048,127.45,"21,511",0.02%
LENNOX INTERNATIONAL INC COM USD0.01,US5261071071,15.96,"13,962",0.01%
LIBERTY MEDIA CORP-LIB-NEW-C,US5312297550,115.02,"18,340",0.02%
LIFCO AB-B SHS,SE0015949201,142.69,"8,745",0.01%
LIFE360 INC-CDI,AU0000045098,"4,239.53","136,428",0.12%
LIFESTYLE COMMUNITIES LTD NPV,AU000000LIC9,"2,096.90","14,678",0.01%
LIGHT & WONDER INC-CDI,AU0000278103,513.57,"75,711",0.06%
LINDE PLC,IE000S9YS762,251.45,"180,021",0.15%
LINDT & SPRUENGLI AG-PC PTG CERT CHF10,CH0010570767,0.68,"17,407",0.01%
LINK REIT NPV,HK0823032773,"1,467.87","11,955",0.01%
LIONTOWN RESOURCES LTD,AU000000LTR4,"30,240.15","21,168",0.02%
LIVE NATION ENTERTAINMENT IN COM STK USD0.01,US5380341090,79.13,"18,265",0.02%
LKQ CORP COM USD0.01,US5018892084,148.81,"8,404",0.01%
LLOYDS BANKING GROUP PLC ORD GBP0.1,GB0008706128,"32,315.92","51,829",0.04%
LOBLAW COMPANIES LTD COM,CA5394811015,84.27,"21,227",0.02%
LOEWS CORP COM USD0.01,US5404241086,98.68,"13,802",0.01%
LOGITECH INTERNATIONAL-REG CHF0.25(REGD),CH0025751329,88.55,"12,127",0.01%
LONDON STOCK EXCHANGE GROUP ORD GBP0.06918604,GB00B0SWJX34,256.68,"57,081",0.05%
LONZA GROUP AG-REG CHF1.00 (REGD),CH0013841017,39.34,"42,603",0.04%
LOTTERY CORP/THE,AU0000219529,"41,077.54","218,943",0.19%
LOTUS BAKERIES,BE0003604155,0.09,"1,365",0.00%
LOVISA HOLDINGS LTD LOV,AU000000LOV7,"1,238.86","39,247",0.03%
LOWE'S COS INC COM USD0.50,US5486611073,297.58,"100,748",0.09%
LPL FINANCIAL HOLDINGS INC LPL FINANCIAL HOLDINGS INC,US50212V1008,42.41,"24,267",0.02%
LULULEMON ATHLETICA INC COM STK USD0.01,US5500211090,59.02,"21,395",0.02%
LUNDBERGS AB-B SHS SER'B'NPV,SE0000108847,90.15,"6,807",0.01%
LUNDIN GOLD INC,CA5503711080,48.57,"3,905",0.00%
LUNDIN MINING CORP COM NPV,CA5503721063,393.4,"6,300",0.01%
LVMH MOET HENNESSY LOUIS VUI EUR0.30,FR0000121014,147.29,"117,297",0.10%
LY CORPORATION,JP3933800009,"1,283.71","7,193",0.01%
LYNAS RARE EARTHS LTD,AU000000LYC6,"16,045.84","138,155",0.12%
LYONDELLBASELL INDU-CL A COM USD0.01 CLASS 'A',NL0009434992,134.35,"11,861",0.01%
M & T BANK CORP COM,US55261F1049,83.51,"24,719",0.02%
M&G PLC MNG,GB00BKFB1C65,841.77,"4,524",0.00%
M3 INC,JP3435750009,257.63,"5,404",0.00%
MACQUARIE GROUP LTD,AU000000MQG1,"6,540.07","1,495,910",1.27%
MACQUARIE TECHNOLOGY GROUP LTD,AU000000MAQ4,281.61,"18,738",0.02%
MAGELLAN FINANCIAL GROUP LTD NPV,AU000000MFG4,"3,016.31","25,820",0.02%
MAGNA INTERNATIONAL INC-CL A CLASS'A'SUB-VTG COM NPV,CA5592224011,156.22,"9,196",0.01%
MAKITA CORP SHS,JP3862400003,140.07,"6,589",0.01%
MANULIFE FINANCIAL CORP COM NPV,CA56501R1064,943.34,"45,931",0.04%
MARATHON PETROLEUM CORP COM USD0.01,US56585A1025,168.26,"42,649",0.04%
MARKEL CORP COM NPV,US5705351048,6.46,"19,694",0.02%
MARKS & SPENCER GROUP PLC ORD GBP0.25,GB0031274896,958,"7,099",0.01%
MARRIOTT INTERNATIONAL -CL A,US5719032022,126.39,"52,690",0.04%
MARSH & MCLENNAN COS COM USD1,US5717481023,262.26,"87,496",0.07%
MARTIN MARIETTA MATERIALS COM USD0.01,US5732841060,33.15,"27,771",0.02%
MARUBENI CORP,JP3877600001,773.91,"23,815",0.02%
MARVELL TECHNOLOGY INC,US5738741041,463.61,"54,754",0.05%
MASCO CORP COM USD1,US5745991068,122.92,"12,071",0.01%
MASTERCARD INC-CLASS A COM USD0.0001 CLASS 'A',US57636Q1040,434.38,"372,468",0.32%
MATSUKIYOCOCOKARA & CO,JP3869010003,160.17,"5,021",0.00%
MCCORMICK & CO-NON VTG SHRS COM N/VTG NPV,US5797802064,132.05,"15,277",0.01%
MCDONALD'S CORP COM USD0.01,US5801351017,380.33,"169,558",0.14%
MCKESSON CORP COM USD0.01,US58155Q1031,66.65,"74,527",0.06%
MEDIBANK PRIVATE LTD MPL,AU000000MPL3,"50,824.43","256,663",0.22%
MEDIOBANCA SPA EUR0.5,IT0000062957,221.65,"7,835",0.01%
MEDTRONIC PLC MDT,IE00BTN1Y115,699.86,"93,091",0.08%
MEGAPORT LIMITED,AU000000MP15,"2,936.65","42,405",0.04%
MEIJI HOLDINGS CO LTD NPV,JP3918000005,130.7,"4,400",0.00%
MELROSE INDUSTRIES PLC,GB00BNGDN821,753.28,"8,361",0.01%
MERCADOLIBRE INC COM STK USD0.001,US58733R1023,24.39,"97,284",0.08%
MERCEDES-BENZ GROUP AG,DE0007100000,397.91,"35,416",0.03%
MERCK & CO. INC. COM USD0.50,US58933Y1055,"1,339.15","161,757",0.14%
MERCK KGAA MRK,DE0006599905,69.26,"13,647",0.01%
MERIDIAN ENERGY LTD,NZMELE0002S7,527.51,"2,883",0.00%
MESOBLAST LTD NPV,AU000000MSB8,"17,993.34","29,779",0.03%
META PLATFORMS INC-CLASS A FB,US30303M1027,"1,171.01","1,318,851",1.12%
METCASH LTD NPV,AU000000MTS0,"20,287.45","79,324",0.07%
METLIFE INC COM USD0.01,US59156R1086,314.07,"38,541",0.03%
METRO INC/CN MTRAF,CA59162N1096,104.18,"12,463",0.01%
METSO OUTOTEC OYJ,FI0009014575,298.43,"5,869",0.00%
METTLER-TOLEDO INTERNATIONAL COM USD0.01,US5926881054,11.31,"20,275",0.02%
MICHELIN (CGDE),FR001400AJ45,321.45,"18,160",0.02%
MICROCHIP TECHNOLOGY INC COM USD0.001,US5950171042,287.05,"30,823",0.03%
MICRON TECHNOLOGY INC,US5951121038,596.26,"112,136",0.10%
MICROSOFT CORP COM USD0.00000625,US5949181045,"3,775.75","2,865,789",2.43%
MICROSTRATEGY INC-CL A,US5949724083,132.87,"81,954",0.07%
MID-AMERICA APARTMENT COMM COM STK USD0.01,US59522J1034,65.53,"14,799",0.01%
MINEBEA MITSUMI INC,JP3906000009,230.3,"5,149",0.00%
MINERAL RESOURCES LTD NPV,AU000000MIN4,"3,230.86","69,657",0.06%
MIRVAC GROUP STAPLED SECURITIES,AU000000MGR9,"72,828.24","160,222",0.14%
MITSUBISHI CHEMICAL GROUP CO,JP3897700005,648.58,"5,193",0.00%
MITSUBISHI CORP ORD,JP3898400001,"1,835.71","56,005",0.05%
MITSUBISHI ELECTRIC CORP NPV,JP3902400005,"1,015.04","33,359",0.03%
MITSUBISHI ESTATE CO LTD NPV,JP3899600005,592.69,"16,924",0.01%
MITSUBISHI HC CAPITAL INC,JP3499800005,310.44,"3,478",0.00%
MITSUBISHI HEAVY INDS LTD,JP3900000005,"1,693.76","64,593",0.05%
MITSUBISHI UFJ FINANCIAL GRO NPV,JP3902900004,"6,068.51","127,124",0.11%
MITSUI & CO LTD ORD,JP3893600001,"1,327.78","41,336",0.04%
MITSUI FUDOSAN CO LTD NPV,JP3893200000,"1,452.97","21,412",0.02%
MITSUI OSK LINES LTD NPV,JP3362700001,161.08,"8,202",0.01%
MIZRAHI TEFAHOT BANK LTD ILS0.01,IL0006954379,126.18,"12,550",0.01%
MIZUHO FINANCIAL GROUP INC,JP3885780001,"1,285.67","54,232",0.05%
MOLINA HEALTHCARE INC COM USD0.001,US60855R1005,29.43,"13,380",0.01%
MOLSON COORS BEVERAGE CO,US60871R2094,93.95,"6,894",0.01%
MONADELPHOUS GROUP LIMITED NPV,AU000000MND5,"1,825.77","32,061",0.03%
MONCLER SPA NPV,IT0004965148,114.17,"9,895",0.01%
MONDAY.COM LTD,IL0011762130,21.31,"10,224",0.01%
MONDELEZ INTERNATIONAL INC,US6092071058,691.11,"71,120",0.06%
MONDI PLC,GB00BMWC6P49,248.44,"6,179",0.01%
MONGODB INC MDB,US60937P1066,39.83,"12,764",0.01%
MONOLITHIC POWER SYSTEMS INC COM STK USD0.001,US6098391054,25.47,"28,423",0.02%
MONOTARO CO LTD MONOTARO CO,JP3922950005,116.83,"3,511",0.00%
MONSTER BEVERAGE CORP MNST,US61174X1090,396.61,"37,909",0.03%
MOODY'S CORP COM USD0.01,US6153691059,87.31,"66,825",0.06%
MORGAN STANLEY COM STK USD0.01,US6174464486,648.05,"139,292",0.12%
MOTOROLA SOLUTIONS INC COM USD0.01,US6200763075,89.01,"57,107",0.05%
MOWI ASA,NO0003054108,244.39,"7,171",0.01%
MS&AD INSURANCE GROUP HOLDIN NPV,JP3890310000,699.34,"23,862",0.02%
MSCI INC-A COM STK USS0.01,US55354G1004,41.93,"36,900",0.03%
MTR CORP,HK0066009694,858.45,"4,706",0.00%
MTU AERO ENGINES AG,DE000A0D9PT0,28.66,"19,364",0.02%
MUENCHENER RUECKVER AG-REG NPV(REGD),DE0008430026,72.24,"71,241",0.06%
MURATA MANUFACTURING CO LTD NPV,JP3914400001,909.87,"20,704",0.02%
NANOSONICS LTD NPV,AU000000NAN9,"5,132.68","20,787",0.02%
NASDAQ INC,US6311031081,231.49,"31,586",0.03%
NATERA INC NTRA,US6323071042,70.65,"18,211",0.02%
NATIONAL AUSTRALIA BANK LTD NPV,AU000000NAB4,"56,652.22","2,229,831",1.89%
NATIONAL BANK OF CANADA COM NPV,CA6330671034,194.69,"30,594",0.03%
NATIONAL GRID PLC NG/LN,GB00BDR05C01,"2,700.43","59,939",0.05%
NATIONAL STORAGE REIT REIT UNITS,AU000000NSR2,"25,520.93","58,698",0.05%
NATWEST GROUP PLC,GB00BM8PJY71,"4,113.89","43,992",0.04%
NEC CORP NPV,JP3733000008,670.69,"29,892",0.03%
NEMETSCHEK SE,DE0006452907,35.52,"7,826",0.01%
NESTE OIL OYJ NPV,FI0009013296,183.11,"3,778",0.00%
NESTLE SA-REG CHF0.10 (REGD),CH0038863350,"1,397.67","211,207",0.18%
NETAPP INC COM USD0.001,US64110D1046,109.59,"17,818",0.02%
NETFLIX INC COM USD0.001,US64110L1061,228.2,"466,301",0.40%
NETWEALTH GROUP LTD NWL,AU000000NWL7,"2,305.73","77,449",0.07%
NEUREN PHARMACEUTICALS LTD NEU,NZNEUE0001S8,"2,385.57","33,660",0.03%
NEUROCRINE BIOSCIENCES INC COM USD0.001,US64125C1099,49.23,"9,441",0.01%
NEW HOPE CORP LTD NPV,AU000000NHC7,"9,459.42","35,000",0.03%
NEWMONT CORP,US6516391066,65.45,"5,808",0.00%
NEWMONT CORP NEM,US6516391066,536.82,"47,723",0.04%
NEWMONT CORP-CDI,AU0000297962,"2,079.18","181,533",0.15%
NEWS CORP - CLASS A NEWS CORP/NEW-CL A-W/I,US65249B1098,226.59,"10,276",0.01%
NEWS CORP - CLASS B- CDI,AU000000NWS2,713.18,"37,014",0.03%
NEXI SPA NEXI,IT0005366767,132.89,"1,208",0.00%
NEXON CO LTD NPV,JP3758190007,183.71,"5,648",0.00%
NEXT PLC ORD GBP0.10,GB0032089863,64.27,"16,719",0.01%
NEXTDC LTD NPV,AU000000NXT8,"11,837.13","171,638",0.15%
NEXTERA ENERGY INC COM USD0.01,US65339F1012,"1,096.57","116,157",0.10%
NIB HOLDINGS LTD NPV,AU000000NHF0,"8,977.72","63,562",0.05%
NIBE INDUSTRIER AB-B SHS,SE0015988019,834.41,"5,389",0.00%
NICE LTD,IL0002730112,35.92,"9,301",0.01%
NICK SCALI LTD NPV,AU000000NCK1,"1,365.06","24,858",0.02%
NICKEL INDUSTRIES LTD,AU0000018236,"38,547.43","26,790",0.02%
NIDEC CORP NPV,JP3734800000,436.3,"12,928",0.01%
NIKE INC -CL B CLASS'B'COM NPV,US6541061031,627.43,"68,014",0.06%
NINE ENTERTAINMENT CO HOLDIN NPV,AU000000NEC4,"24,436.68","39,710",0.03%
NINTENDO CO LTD NPV,JP3756600007,592.31,"86,848",0.07%
NIPPON BUILDING FUND INC REIT,JP3027670003,4.09,"5,737",0.00%
NIPPON PAINT HOLDINGS CO LTD,JP3749400002,555.19,"6,803",0.01%
NIPPON SANSO HOLDINGS CORP,JP3711600001,86.67,"5,002",0.00%
NIPPON STEEL CORP,JP3381000003,485.87,"14,028",0.01%
NIPPON TELEGRAPH & TELEPHONE NPV,JP3735400008,"15,942.83","25,936",0.02%
NIPPON YUSEN KK,JP3753000003,242.45,"13,287",0.01%
NISOURCE INC COM NPV,US65473P1057,216.21,"13,309",0.01%
NISSAN MOTOR CO LTD,JP3672400003,"1,226.35","4,537",0.00%
NISSIN FOODS HOLDINGS CO LTD,JP3675600005,127.26,"4,027",0.00%
NITORI CO LTD NPV,JP3756100008,38.27,"5,627",0.00%
NITTO DENKO CORP,JP3684000007,340.97,"10,055",0.01%
NMC HEALTH PLC ORD GBP0.10,GB00B7FC0762,22.46,441,0.00%
NN GROUP NV NN GROUP NV - W/I,NL0010773842,168.66,"17,044",0.01%
NOKIA OYJ NPV,FI0009000681,"2,838.51","22,401",0.02%
NOMURA HOLDINGS INC NPV,JP3762600009,"1,454.82","14,631",0.01%
NOMURA RESEARCH INSTITUTE,JP3762800005,214.36,"13,095",0.01%
NORDEA BANK ABP NDA,FI4000297767,"1,737.77","39,251",0.03%
NORDSON CORP COM NPV,US6556631025,25.86,"8,458",0.01%
NORFOLK SOUTHERN CORP COM USD1,US6558441084,121.36,"47,400",0.04%
NORSK HYDRO ASA NOK1.098,NO0005052605,818.72,"7,103",0.01%
NORTHERN STAR RESOURCES LTD,AU000000NST8,"25,584.06","474,584",0.40%
NORTHERN TRUST CORP COM USD1.666,US6658591044,111.45,"21,562",0.02%
NOVARTIS AG-REG CHF0.50 (REGD),CH0012005267,"1,014.86","187,093",0.16%
NOVO NORDISK A/S-B,DK0062498333,"1,720.99","181,632",0.15%
NOVONESIS (NOVOZYMES) B,DK0060336014,198.96,"21,691",0.02%
NRG ENERGY INC COM USD0.01,US6293775085,110.36,"27,041",0.02%
NRW HOLDINGS LTD NPV,AU000000NWH5,"8,459.50","25,294",0.02%
NTT DATA GROUP CORP,JP3165700000,346.73,"14,648",0.01%
NUCOR CORP COM STK USD0.40,US6703461052,123.41,"24,394",0.02%
NUFARM LTD NPV,AU000000NUF3,"7,021.09","17,272",0.01%
NUIX LTD,AU0000119307,"4,294.55","9,405",0.01%
NUTANIX INC - A NTNX,US67059N1081,138.06,"16,103",0.01%
NUTRIEN LTD,CA67077M1086,270.07,"23,965",0.02%
NVIDIA CORP,US67066G1040,"13,044.91","3,144,833",2.67%
NVR INC COM STK USD0.01,US62944T1051,1.61,"18,175",0.02%
NXP SEMICONDUCTORS NV,NL0009538784,136.87,"45,632",0.04%
O'REILLY AUTOMOTIVE INC COM USD0.01,US67103H1077,460.27,"63,301",0.05%
OBAYASHI OBAYASHI,JP3190000004,399.86,"9,232",0.01%
OBIC CO LTD,JP3173400007,186.5,"11,055",0.01%
OCCIDENTAL PETROLEUM CORP COM USD0.20,US6745991058,383.96,"24,613",0.02%
OKTA INC OKTA,US6792951054,84.25,"12,852",0.01%
OLD DOMINION FREIGHT LINE COM USD0.10,US6795801009,103.77,"25,698",0.02%
OLYMPUS CORP SHS JPY,JP3201200007,605.29,"10,966",0.01%
OMNICOM GROUP COM USD0.15,US6819191064,95.26,"10,457",0.01%
OMRON CORP NPV,JP3197800000,103.28,"4,249",0.00%
OMV AG NPV(VAR),AT0000743059,98.02,"8,108",0.01%
ON SEMICONDUCTOR,US6821891057,226.86,"18,143",0.02%
ONEOK INC COM USD0.01,US6826801036,319.85,"39,840",0.03%
ONO PHARMACEUTICAL CO LTD NPV,JP3197600004,198.39,"3,267",0.00%
OPEN TEXT CORP COM NPV,CA6837151068,152.9,"6,803",0.01%
ORA BANDA MINING LTD OBM,AU0000050130,"18,141.19","13,878",0.01%
ORACLE CORP COM USD0.01,US68389X1054,896.53,"299,091",0.25%
ORACLE CORPORATION JAPAN ORACLE CORPORATION JAPAN,JP3689500001,23.24,"4,219",0.00%
ORANGE FTE1,FR0000133308,906.35,"20,967",0.02%
ORICA LTD,AU000000ORI1,"8,995.52","175,323",0.15%
ORIENTAL LAND CO LTD NPV,JP3198900007,584.71,"20,532",0.02%
ORIGIN ENERGY LTD,AU000000ORG5,"31,790.55","343,020",0.29%
ORION CORP SER'B'NPV,FI0009014377,73.68,"8,427",0.01%
ORIX CORP NPV,JP3200450009,652.8,"22,481",0.02%
ORKLA ASA NOK1.25,NO0003733800,272.4,"4,502",0.00%
ORORA LTD NPV,AU000000ORA8,"24,651.60","46,592",0.04%
ORSTED A/S DENERG,DK0060094928,97.72,"6,381",0.01%
OSAKA GAS CO LTD,JP3180400008,161.15,"6,287",0.01%
OTIS WORLDWIDE CORP-W/I,US68902V1070,211.4,"31,941",0.03%
OTSUKA CORP NPV,JP3188200004,120.68,"3,744",0.00%
OTSUKA HOLDINGS CO LTD NPV,JP3188220002,228.7,"17,277",0.01%
OVERSEA-CHINESE BANKING CORP NPV,SG1S04926220,"1,709.39","33,402",0.03%
OWENS CORNING INC COM STK USD0.01,US6907421019,51.11,"10,724",0.01%
P G & E CORP COM NPV,US69331C1080,"1,133.34","24,107",0.02%
PACCAR INC COM USD1,US6937181088,280.62,"40,705",0.03%
PACKAGING CORP OF AMERICA COM USD0.01,US6951561090,41.19,"11,846",0.01%
PALADIN ENERGY LTD NPV,AU000000PDN8,"7,153.32","57,727",0.05%
PALANTIR TECHNOLOGIES INC-A,US69608A1088,"1,143.49","237,859",0.20%
PALO ALTO NETWORKS INC PALO ALTO NETWORKS,US6974351057,353.61,"110,419",0.09%
PAN AMERICAN SILVER CORP COM NPV,CA6979001089,206.34,"8,916",0.01%
PAN PACIFIC INTERNATIONAL HOLDINGS CORP,JP3639650005,219.17,"11,482",0.01%
PANASONIC HOLDINGS CORP,JP3866800000,"1,281.69","21,061",0.02%
PANDORA A/S DKK1,DK0060252690,47.82,"12,767",0.01%
PARKER HANNIFIN CORP COM USD0.50,US7010941042,69.43,"73,996",0.06%
PARTNERS GROUP HOLDING AG CHF0.01 (REGD),CH0024608827,12.61,"25,020",0.02%
PAYCHEX INC COM USD0.01,US7043261079,174.43,"38,717",0.03%
PAYCOM SOFTWARE INC PAYC,US70432V1026,30.13,"10,637",0.01%
PAYPAL HOLDINGS INC PYPLV,US70450Y1038,506.6,"57,451",0.05%
PEARSON PLC ORD GBP0.25,GB0006776081,260.14,"5,828",0.00%
PEMBINA PIPELINE CORP COM NPV,CA7063271034,269.4,"15,403",0.01%
PENTAIR PLC PENTAIR PLC,IE00BLS09M33,84.65,"13,260",0.01%
PEPSICO INC CAP USD0.016666,US7134481081,729.83,"147,046",0.12%
PERENTI LTD,AU0000061897,"15,984.96","25,896",0.02%
PERNOD-RICARD SA EUR1.55,FR0000120693,114.76,"17,390",0.01%
PERPETUAL TRUSTEES AUSTRALIA,AU000000PPT9,"2,100.83","37,941",0.03%
PERSEUS MINING LTD NPV,AU000000PRU3,"25,255.93","85,870",0.07%
PEXA GROUP LTD,AU0000158594,"2,375.56","32,308",0.03%
PFIZER INC COM USD0.05,US7170811035,"3,012.06","111,410",0.09%
PHILIP MORRIS INTERNATIONAL COM STK NPV,US7181721090,830.18,"230,717",0.20%
PHILLIPS 66 COM USD0.01,US7185461040,219.72,"39,998",0.03%
PHOENIX GROUP HOLDINGS PLC PHNX,GB00BGXQNP29,249.19,"3,431",0.00%
PILBARA MINERALS LTD PLS,AU000000PLS0,"55,853.42","74,564",0.06%
PINNACLE INVESTMENT MANAGEME PNI,AU000000PNI7,"3,390.75","69,646",0.06%
PINTEREST INC- CLASS A PINS,US72352L1061,325.75,"17,825",0.02%
PNC FINANCIAL SERVICES GROUP COM USD5,US6934751057,215.51,"61,303",0.05%
POLYNOVO LTD,AU000000PNV0,"12,659.14","15,128",0.01%
POOL CORP COM USD0.001,US73278L1052,21.41,"9,525",0.01%
PORSCHE AUTOMOBIL HLDG-PRF PAH3,DE000PAH0038,72.71,"4,388",0.00%
POSTLE ITALIANE SPA PST,IT0003796171,317.23,"10,364",0.01%
POWER ASSETS HOLDINGS LTD,HK0006000050,752.07,"7,375",0.01%
POWER CORP OF CANADA SUB-VTG NPV,CA7392391016,317.75,"18,900",0.02%
PPG INDUSTRIES INC COM USD1.666,US6935061076,122.99,"21,347",0.02%
PPL CORPORATION COM USD0.01,US69351T1060,416,"21,512",0.02%
PREMIER INVESTMENTS LIMITED NPV,AU000000PMV2,"1,861.40","37,656",0.03%
PRINCIPAL FINANCIAL GROUP COM USD0.01,US74251V1026,117.82,"14,281",0.01%
PRO MEDICUS LTD PME,AU000000PME8,"1,002.87","285,897",0.24%
PROCTER & GAMBLE CO/THE-CDI PG,US7427181091,"1,255.91","305,320",0.26%
PROGRESSIVE CORP COM USD1,US7433151039,312.94,"127,429",0.11%
PROLOGIS INC COM USD0.01,US74340W1036,493.73,"79,196",0.07%
PROSUS NV PRX,NL0013654783,712.1,"60,548",0.05%
PRUDENTIAL FINANCIAL INC COM USD0.01,US7443201022,190.54,"31,238",0.03%
PRUDENTIAL PLC ORD GBP0.05,GB0007099541,"1,416.51","27,031",0.02%
PRYSMIAN SPA NPV,IT0004176001,144.73,"15,565",0.01%
PTC INC COM USD0.01,US69370C1009,64.83,"17,049",0.01%
PUBLIC SERVICE ENTERPRISE GP COM NPV,US7445731067,266.9,"34,283",0.03%
PUBLIC STORAGE COM USD0.10,US74460D1090,84.75,"37,947",0.03%
PUBLICIS GROUPE EUR0.40,FR0000130577,121.69,"20,855",0.02%
PULTE GROUP INC,US7458671010,106.65,"17,162",0.01%
PURE STORAGE INC - CLASS A PSTG,US74624M1027,165.77,"14,564",0.01%
QANTAS AIRWAYS LIMITED ORD,AU000000QAN2,"27,925.51","299,920",0.25%
QBE INSURANCE GROUP LTD,AU000000QBE9,"27,777.60","649,718",0.55%
QIAGEN N.V,NL0015002CX3,114.75,"8,403",0.01%
QUALCOMM INC,US7475251036,587.48,"142,766",0.12%
QUANTA SERVICES INC COM USD0.00001,US74762E1029,80.17,"46,253",0.04%
QUBE HOLDINGS LTD NPV,AU000000QUB5,"32,649.78","139,741",0.12%
QUEBECOR INC  -CL B CLASS'B'SUB VTG NPV,CA7481932084,105.66,"4,898",0.00%
QUEST DIAGNOSTICS INC COM USD0.01,US74834L1008,58.44,"16,017",0.01%
RAKUTEN GROUP INC,JP3967200001,867.87,"7,301",0.01%
RAMELIUS RESOURCES LTD NPV,AU000000RMS4,"21,337.55","53,771",0.05%
RAMSAY HEALTH CARE LTD NPV,AU000000RHC8,"3,442.73","126,314",0.11%
RANDSTAD HOLDING NV EUR0.10,NL0000379121,46.36,"3,255",0.00%
RATIONAL AG NPV,DE0007010803,1.94,"2,469",0.00%
RAYMOND JAMES FINANCIAL INC COM USD0.01,US7547301090,108.66,"25,429",0.02%
RB GLOBAL INC,CA74935Q1072,104.03,"16,831",0.01%
REA GROUP LIMITED,AU000000REA9,950.89,"228,680",0.19%
REALTY INCOME CORP COM USD1,US7561091049,456.09,"40,093",0.03%
RECKITT BENCKISER GROUP PLC ORD GBP0.10,GB00B24CGK77,378.86,"39,253",0.03%
RECORDATI SPA EUR0.125,IT0003828271,80.04,"7,656",0.01%
RECRUIT HOLDINGS CO LTD 6098,JP3970300004,754.77,"68,052",0.06%
REDDIT INC-CL A,US75734B1008,39.17,"8,998",0.01%
REDEIA CORP SA,ES0173093024,135.3,"4,398",0.00%
REECE LTD,AU000000REH4,"4,413.68","63,336",0.05%
REGENCY CENTERS CORP COM USD0.01,US7588491032,88.01,"9,565",0.01%
REGENERON PHARMACEUTICALS COM USD0.001,US75886F1075,57.31,"45,912",0.04%
REGION GROUP,AU0000253502,"21,481.14","47,259",0.04%
REGIONS FINANCIAL CORP COM STK USD0.01,US7591EP1005,513.1,"18,415",0.02%
REGIS RESOURCES LTD NPV,AU000000RRL8,"13,952.35","61,251",0.05%
RELIANCE INC,US7595091023,28.69,"13,744",0.01%
RELIANCE WORLDWIDE CORP LTD RWC,AU000000RWC7,"14,409.14","59,077",0.05%
RELX PLC REL,GB00B2B0DG97,"1,001.97","82,486",0.07%
RENAULT SA EUR3.81,FR0000131906,114.07,"7,995",0.01%
RENESAS ELECTRONICS CORP NPV,JP3164720009,921.86,"17,422",0.01%
RENTOKIL INITIAL PLC ORD GBP0.01,GB00B082RF11,"1,445.29","10,641",0.01%
REPSOL SA,ES0173516115,643.69,"14,337",0.01%
REPUBLIC SERVICES INC COM USD0.01,US7607591002,116.5,"43,838",0.04%
RESMED INC COM USD0.004,US7611521078,77.05,"30,334",0.03%
RESMED INC-CDI CDI COM USD0.004 10:1,AU000000RMD6,"10,944.44","430,664",0.36%
RESONA HOLDINGS INC NPV,JP3500610005,"1,142.43","16,075",0.01%
RESTAURANT BRANDS INTERN QSR,CA76131D1033,155.54,"15,711",0.01%
REVVITY INC,US7140461093,67.49,"9,961",0.01%
REXEL SA EUR5,FR0010451203,99.25,"4,647",0.00%
RICOH COMPANY LIMITED NPV,JP3973400009,295.63,"4,264",0.00%
RIO TINTO LTD NPV,AU000000RIO1,"6,849.46","733,783",0.62%
RIO TINTO PLC ORD GBP0.10,GB0007188757,606.83,"53,865",0.05%
RIVIAN AUTOMOTIVE INC-A,US76954A1034,363.52,"7,622",0.01%
ROBINHOOD MARKETS INC - A,US7707001027,388.99,"55,575",0.05%
ROBLOX CORP -CLASS A,US7710491033,285.17,"45,777",0.04%
ROCHE HOLDING AG-BR CHF1.00 (BR),CH0012032113,17.19,"9,060",0.01%
ROCHE HOLDING AG-GENUSSCHEIN ROG,CH0012032048,374.47,"185,490",0.16%
ROCKWELL AUTOMATION INC COM USD1,US7739031091,61.24,"31,039",0.03%
ROCKWOOL A/S-B SHS,DK0063855168,8.72,621,0.00%
ROGERS COMMUNICATIONS INC-B CLASS'B'COM CAD1.62478,CA7751092007,203.32,"9,183",0.01%
ROLLINS INC COM USD1,US7757111049,156.96,"13,513",0.01%
ROPER TECHNOLOGIES INC,US7766961061,56.04,"48,474",0.04%
ROSS STORES INC COM USD0.01,US7782961038,175.86,"34,235",0.03%
ROYAL BANK OF CANADA COM NPV,CA7800871021,761.85,"152,902",0.13%
ROYAL CARIBBEAN CRUISES LTD COM STK USD0.01,LR0008862868,135.89,"64,930",0.06%
ROYALTY PHARMA PLC- CL A,GB00BMVP7Y09,176.58,"9,708",0.01%
RPM INTERNATIONAL INC COM USD0.01,US7496851038,59.19,"9,920",0.01%
RWE AG NPV,DE0007037129,346.79,"22,008",0.02%
RYANAIR HOLDINGS PLC RYA,IE00BYTBXV33,418.5,"18,006",0.02%
S&P GLOBAL INC,US78409V1044,167.71,"134,941",0.11%
SAAB AB-B,SE0021921269,158.34,"13,376",0.01%
SAGAX AB-B SAGAB,SE0005127818,122,"4,219",0.00%
SAINSBURY (J) PLC ORD GBP0.28571428,GB00B019KW72,835.38,"5,062",0.00%
SALESFORCE INC,US79466L3024,511.91,"213,006",0.18%
SALMAR ASA NOK0.25,NO0010310956,49.63,"3,269",0.00%
SAMPO OYJ-A SHS,FI4000552500,"1,326.63","21,695",0.02%
SAMSARA INC-CL A,US79589L1061,155.8,"9,457",0.01%
SANDFIRE RESOURCES LTD,AU000000SFR8,"8,469.86","95,032",0.08%
SANDOZ GROUP AG,CH1243598427,233.95,"19,473",0.02%
SANDS CHINA LTD,KYG7800X1079,"1,117.40","3,549",0.00%
SANDVIK AB NPV,SE0000667891,558.76,"19,404",0.02%
SANOFI SAN,FR0000120578,599.73,"88,312",0.07%
SANRIO CO LTD NPV,JP3343200006,89.96,"6,622",0.01%
SANTOS LTD NPV,AU000000STO6,"59,931.79","459,077",0.39%
SAP SE,DE0007164600,558.46,"258,226",0.22%
SAPUTO INC COM NPV,CA8029121057,100.64,"3,137",0.00%
SARTORIUS AG-VORZUG SRT3,DE0007165631,13.85,"5,357",0.00%
SARTORIUS STEDIM BIOTECH,FR0013154002,16.14,"5,864",0.00%
SBA COMMUNICATIONS CORP-CL A,US78410G1040,58.46,"20,948",0.02%
SBI HOLDINGS INC NPV,JP3436120004,139.56,"7,416",0.01%
SCENTRE GROUP SMART COMMUNICATIONS GROUP,AU000000SCG8,"95,989.27","341,722",0.29%
SCHINDLER HOLDING AG-REG CHF0.10 (REGD),CH0024638212,5.57,"3,071",0.00%
SCHINDLER HOLDING-PART CERT PTG CERT CHF0.10,CH0024638196,25.82,"14,604",0.01%
SCHLUMBERGER LTD COM USD0.01,AN8068571086,725.46,"37,416",0.03%
SCHNEIDER ELECTRIC SE,FR0000121972,293.88,"118,860",0.10%
SCHRODERS PLC,GB00BP9LHF23,466.66,"3,527",0.00%
SCHWAB (CHARLES) CORP COM USD0.01,US8085131055,920.16,"128,107",0.11%
SCOUT24 SE G24,DE000A12DM80,33.13,"6,948",0.01%
SCREEN HOLDINGS CO LTD,JP3494600004,34.56,"4,293",0.00%
SCSK CORP,JP3400400002,65.28,"2,998",0.00%
SEA LTD-ADR SE,US81141R1005,202.39,"49,393",0.04%
SEAGATE TECHNOLOGY HOLDINGS,IE00BKVD2N49,114.08,"25,124",0.02%
SECOM CO LTD NPV,JP3421800008,233.61,"12,791",0.01%
SECURITAS AB-B SHS,SE0000163594,312.18,"7,072",0.01%
SEEK LTD NPV,AU000000SEK6,"6,586.17","158,397",0.13%
SEGRO PLC ORD GBP0.10,GB00B5ZN1N88,761.01,"10,814",0.01%
SEKISUI CHEMICAL CO,JP3419400001,200.05,"5,520",0.00%
SEKISUI HOUSE LTD SHS,JP3420600003,267.8,"9,005",0.01%
SEMBCORP INDUSTRIES LTD NPV,SG1R50925390,613.81,"5,037",0.00%
SEMPRA ENERGY COM NPV,US8168511090,347.62,"40,191",0.03%
SERVICE STREAM LTD NPV,AU000000SSM2,"11,102.18","22,038",0.02%
SERVICENOW INC COM USD0.001,US81762P1021,110.52,"173,376",0.15%
SEVEN & I HOLDINGS CO LTD NPV,JP3422950000,"1,196.75","29,368",0.02%
SEVERN TRENT PLC ORD GBP0.9789,GB00B1FH8J72,182.34,"10,424",0.01%
SG HOLDING CO LTD,JP3162770006,214.48,"3,640",0.00%
SGH LTD,AU0000364754,"3,680.75","199,018",0.17%
SGS SA-REG,CH1256740924,78.69,"12,143",0.01%
SHELL PLC-NEW,GB00BP6MXD84,"3,214.47","171,634",0.15%
SHERWIN-WILLIAMS CO/THE COM USD1,US8243481061,127.98,"67,052",0.06%
SHIMADZU CORP NPV,JP3357200009,125.74,"4,745",0.00%
SHIMANO INC NPV,JP3358000002,42.28,"9,337",0.01%
SHIN ETSU CHEMICAL CO LTD,JP3371200001,969.64,"48,881",0.04%
SHIONOGI & CO LTD NPV,JP3347200002,431.41,"11,822",0.01%
SHISEIDO CO LTD NPV,JP3351600006,218.86,"5,950",0.01%
SHOPIFY INC - A SH,CA82509L1076,651.53,"114,433",0.10%
SIEMENS AG-REG SIE,DE0007236101,408.79,"159,369",0.14%
SIEMENS ENERGY AG SIEMENS ENERGY AG,DE000ENER6Y0,364.76,"64,067",0.05%
SIEMENS HEALTHINEERS AG,DE000SHL1006,167.48,"14,118",0.01%
SIG GROUP AG,CH0435377954,194.99,"5,480",0.00%
SIGMA HEALTHCARE LTD SIG,AU000000SIG5,"106,491.24","318,409",0.27%
SIKA AG-BR,CH0418792922,84.85,"35,035",0.03%
SIMON PROPERTY GROUP INC COM USD0.0001,US8288061091,174.75,"42,867",0.04%
SIMS LTD,AU000000SGM7,"2,942.08","45,132",0.04%
SINGAPORE AIRLINES LTD NPV,SG1V61937297,651.65,"5,442",0.00%
SINGAPORE EXCHANGE LTD NPV,SG1J26887955,552.37,"9,847",0.01%
SINGAPORE TECH ENGINEERING,SG1F60858221,754.71,"7,044",0.01%
SINGAPORE TELECOMMUNICATIONS,SG1T75931496,"4,263.56","19,512",0.02%
SINO LAND CO,HK0083000502,"1,300.08","2,110",0.00%
SITC INTERNATIONAL HOLDINGS,KYG8187G1055,592.42,"2,896",0.00%
SITEMINDER LTD,AU0000183543,"4,499.95","19,935",0.02%
SKANDINAVISKA ENSKILDA BAN-A SER'A'NPV,SE0000148884,797.9,"21,092",0.02%
SKANSKA AB-B SHS SER'B'NPV,SE0000113250,102.92,"3,628",0.00%
SKF AB-B SHARES,SE0000108227,184.84,"6,425",0.01%
SMARTGROUP CORP LTD SMARTGROUP CORP LTD,AU000000SIQ4,"2,456.54","18,105",0.02%
SMC CORPORATION,JP3162600005,31.73,"17,442",0.01%
SMITH & NEPHEW PLC ORD USD0.20,GB0009223206,437.98,"10,193",0.01%
SMITHS GROUP PLC ORD GBP0.375,GB00B1WY2338,130.87,"6,146",0.01%
SMURFIT WESTROCK PLC,IE00028FXN24,290.45,"19,124",0.02%
SNAM SPA NPV,IT0003153415,"1,216.65","11,206",0.01%
SNAP INC - A SNAP,US83304A1060,575.39,"7,630",0.01%
SNAP-ON INC COM USD1,US8330341012,27.98,"13,286",0.01%
SNOWFLAKE INC-CLASS A,US8334451098,169.77,"57,967",0.05%
SOCIETE GENERALE EUR1.25,FR0000130809,394.86,"34,338",0.03%
SODEXO EUR4,FR0000121220,43.04,"4,024",0.00%
SOFINA NPV,BE0003717312,3.12,"1,563",0.00%
SOFTBANK CORP,JP3732000009,"15,436.26","36,364",0.03%
SOFTBANK GROUP CORP,JP3436100006,512.87,"56,969",0.05%
SOLVENTUM CORP-W/I,US83444M1018,74.52,"8,624",0.01%
SOMPO HOLDINGS INC,JP3165000005,491.47,"22,558",0.02%
SONIC HEALTHCARE LTD NPV,AU000000SHL7,"8,865.71","237,512",0.20%
SONOVA HOLDING AG-REG CHF0.05 (REGD),CH0012549785,28.17,"12,767",0.01%
SONY GROUP CORP,JP3435000009,"3,296.35","129,887",0.11%
SOUTH32 LTD S32,AU000000S320,"83,368.37","242,602",0.21%
SOUTHERN CO COM USD5,US8425871071,584.2,"81,861",0.07%
SPARTAN RESORCES LTD/AUSTRA,AU0000294233,"16,948.93","33,644",0.03%
SPIRAX GROUP PLC,GB00BWFGQN14,32.02,"3,988",0.00%
SPOTIFY TECHNOLOGY SA SPOT,LU1778762911,82.48,"96,572",0.08%
SS&C TECHNOLOGIES HOLDINGS,US78467J1007,126.74,"16,013",0.01%
SSE PLC ORD GBP0.50,GB0007908733,585,"22,398",0.02%
STANDARD CHARTERED PLC ORD USD0.50,GB0004082847,"1,078.71","27,225",0.02%
STANTEC INC COM NPV,CA85472N1096,67.65,"11,209",0.01%
STARBUCKS CORP COM,US8552441094,606.8,"84,842",0.07%
STATE STREET CORP COM STK USD1,US8574771031,162.11,"26,304",0.02%
STEADFAST GROUP LTD NPV,AU000000SDF8,"20,421.40","122,733",0.10%
STEEL DYNAMICS INC COM STK USD0.01,US8581191009,77.38,"15,114",0.01%
STELLANTIS NV,NL00150001Q9,"1,107.43","16,878",0.01%
STERIS PLC,IE00BFY8C754,51.54,"18,892",0.02%
STMICROELECTRONICS NV EUR1.04,NL0000226223,376.4,"17,486",0.01%
STOCKLAND NPV (STAPLED),AU000000SGP0,"44,054.73","236,133",0.20%
STORA ENSO OYJ-R SHS,FI0009005961,147.97,"2,445",0.00%
STRAUMANN HOLDING AG-REG,CH1175448666,56.16,"11,149",0.01%
STRYKER CORP COM USD0.10,US8636671013,187.16,"112,990",0.10%
SUBARU CORP,JP3814800003,285.4,"7,584",0.01%
SUMITOMO CORPORATION,JP3404600003,595.51,"23,459",0.02%
SUMITOMO ELECTRIC INDS ORD,JP3407400005,395.33,"12,926",0.01%
SUMITOMO METAL MINING CO LTD,JP3402600005,123.57,"4,647",0.00%
SUMITOMO MITSUI FINANCIAL GR NPV,JP3890350006,"1,983.49","76,145",0.06%
SUMITOMO MITSUI TRUST GROUP,JP3892100003,314.63,"12,760",0.01%
SUMITOMO REALTY & DEVELOPMNT NPV,JP3409000001,152.97,"8,996",0.01%
SUN COMMUNITIES INC COM USD0.01,US8666741041,67.6,"13,048",0.01%
SUN HUNG KAI PROPERTIES HKD0.50,HK0016000132,730.07,"12,779",0.01%
SUN LIFE FINANCIAL INC COM NPV,CA8667961053,321.85,"32,613",0.03%
SUNCOR ENERGY INC COM NPV 'NEW',CA8672241079,679.15,"38,741",0.03%
SUNCORP GROUP LTD NPV,AU000000SUN6,"19,981.95","431,810",0.37%
SUNTORY BEVERAGE & NPV,JP3336560002,90.81,"4,422",0.00%
SUPER MICRO COMPUTER INC,US86800U3023,270.26,"20,211",0.02%
SUPER RETAIL GROUP LTD,AU000000SUL0,"2,900.07","41,297",0.03%
SUPERLOOP LTD SLC,AU000000SLC8,"2,036.94","6,131",0.01%
SUZUKI MOTOR CORP NPV,JP3397200001,861.83,"15,869",0.01%
SVENSKA CELLULOSA AB-B SHS SER'B'NPV (POST SPLIT),SE0000112724,315.38,"6,211",0.01%
SVENSKA HANDELSBANKEN-A SHS SHBA,SE0007100599,846.95,"17,147",0.01%
SWATCH GROUP AG/THE-BR,CH0012255151,15.08,"3,733",0.00%
SWEDBANK AB - A SHARES SER'A'NPV,SE0000242455,490.47,"19,671",0.02%
SWEDISH ORPHAN BIOVITRUM AB,SE0000872095,122.24,"5,641",0.00%
SWIRE PACIFIC LTD  'A',HK0019000162,240.5,"3,144",0.00%
SWISS LIFE HOLDING AG-REG,CH0014852781,16.81,"25,859",0.02%
SWISS PRIME SITE-REG CHF15.30 (REGD),CH0008038389,36.75,"8,370",0.01%
SWISS RE AG CHF0.10,CH0126881561,151.18,"39,747",0.03%
SWISSCOM AG-REG CHF1.00 (REGD),CH0008742519,14.91,"16,082",0.01%
SYENSQO SA,BE0974464977,42.07,"4,934",0.00%
SYMRISE AG NPV (BR),DE000SYM9999,66.7,"10,649",0.01%
SYNCHRONY FINANCIAL SYF,US87165B1035,219.87,"22,391",0.02%
SYNOPSYS INC COM,US8716071076,82.25,"64,342",0.05%
SYSCO CORP COM USD1,US8718291078,260.89,"30,152",0.03%
SYSMEX CORP NPV,JP3351100007,297.11,"7,891",0.01%
T ROWE PRICE GROUP INC COM USD0.20,US74144T1088,116.33,"17,130",0.01%
T&D HOLDINGS INC,JP3539220008,269.02,"9,009",0.01%
T-MOBILE US INC TMUS,US8725901040,244.03,"88,720",0.08%
TABCORP HOLDINGS LIMITED ORD,AU000000TAH8,"41,904.35","29,962",0.03%
TAISEI CORP JPY50,JP3443600006,89.11,"7,907",0.01%
TAKE-TWO INTERACTIVE SOFTWRE COM USD0.01,US8740541094,91.18,"33,787",0.03%
TAKEDA PHARMACEUTICAL NPV SHS,JP3463000004,842.28,"39,372",0.03%
TALANX AG TALANX AG,DE000TLX1005,24.53,"4,829",0.00%
TARGA RESOURCES CORP COM USD0.001,US87612G1013,113.49,"30,147",0.03%
TARGET CORP COM STK USD0.0833,US87612E1064,242.5,"36,503",0.03%
TC ENERGY CORP,CA87807B1076,564.25,"41,948",0.04%
TDK CORP NPV,JP3538800008,986.97,"17,678",0.01%
TE CONNECTIVITY PLC,IE000IVNQZ81,161.54,"41,576",0.04%
TECHNOLOGY ONE LIMITED NPV(POST RECON),AU000000TNE8,"5,558.95","227,972",0.19%
TECHTRONIC INDUSTRIES CO,HK0669013440,803.05,"13,471",0.01%
TECK RESOURCES LTD-CLS B CLASS'B'SUB-VTG COM NPV,CA8787422044,249.06,"15,338",0.01%
TELE2 AB-B SHS,SE0005190238,317.36,"7,025",0.01%
TELECOM ITALIA SPA EUR0.55,IT0003497168,"6,454.70","4,840",0.00%
TELEDYNE TECHNOLOGIES INC COM USD0.01,US8793601050,24.42,"19,086",0.02%
TELEFONICA SA TFA,ES0178430E18,"2,071.12","16,538",0.01%
TELENOR ASA ORD NOK6,NO0010063308,394.61,"9,324",0.01%
TELEPERFORMANCE EUR2.50,FR0000051807,25.49,"3,759",0.00%
TELIA CO AB,SE0000667925,724.55,"3,941",0.00%
TELIX PHARMACEUTICALS LTD TLX,AU000000TLX2,"5,347.50","130,586",0.11%
TELSTRA CORPORATION LTD NPV,AU000000TLS2,"212,030.86","1,026,229",0.87%
TELUS CORP TELUS CORP,CA87971M1032,278.4,"6,809",0.01%
TEMENOS AG - REG,CH0012453913,26.89,"2,926",0.00%
TEMPLE & WEBSTER GROUP LTD TPW,AU000000TPW5,"1,751.91","37,351",0.03%
TENARIS SA,LU2598331598,237.45,"6,794",0.01%
TERADYNE INC COM USD0.125,US8807701029,87.84,"12,053",0.01%
TERNA SPA ORD EUR0.22,IT0003242622,696.27,"10,883",0.01%
TERUMO CORP NPV,JP3546800008,714.91,"20,014",0.02%
TESCO PLC,GB00BLGZ9862,"3,771.33","31,646",0.03%
TESLA INC,US88160R1014,"1,547.49","750,098",0.64%
TEVA PHARMACEUTICAL-SP ADR ADR(CNV 1 ORD ILS0.10),US8816242098,583.02,"14,910",0.01%
TEXAS INSTRUMENTS INC COM USD1,US8825081040,483.9,"153,303",0.13%
TEXAS PACIFIC LAND CORP,US88262P1021,10.29,"16,579",0.01%
TFI INTERNATIONAL INC,CA87241L1094,39.98,"5,466",0.00%
THE CAMPBELL'S COMPANY,US1344291091,94.65,"4,427",0.00%
THE SAGE GROUP PLC,GB00B8C3BL03,577.1,"15,090",0.01%
THERMO FISHER SCIENTIFIC INC COM USD1,US8835561023,200.21,"123,871",0.10%
THOMSON-REUTERS CORP,CA8849038085,85.99,"26,334",0.02%
TIS INC,JP3104890003,104.2,"5,325",0.00%
TJX COMPANIES INC COM USD1,US8725401090,594.19,"111,965",0.09%
TMX GROUP LTD COM NPV,CA87262K1057,156.53,"10,104",0.01%
TOAST INC-CLASS A,US8887871080,235.69,"15,929",0.01%
TOHO CO LTD TOHO CO LTD,JP3598600009,42.93,"3,859",0.00%
TOKIO MARINE HOLDINGS INC NPV,JP3910660004,985.93,"63,647",0.05%
TOKYO ELECTRON LTD NPV,JP3571400005,239,"69,886",0.06%
TOKYO GAS CO LTD,JP3573000001,189.15,"9,575",0.01%
TOKYO METRO CO LTD,JP3583900000,98.19,"1,740",0.00%
TOKYU CORPORATION,JP3574200006,233.4,"4,226",0.00%
TOPPAN HOLDINGS INC,JP3629000005,125.84,"5,218",0.00%
TORAY INDUSTRIES INC NPV,JP3621000003,840.2,"8,768",0.01%
TOROMONT INDUSTRIES LTD COM STK NPV,CA8911021050,38.83,"5,315",0.00%
TORONTO-DOMINION BANK COM NPV,CA8911605092,942.57,"105,574",0.09%
TOTALENERGIES SE,FR0000120271,"1,099.49","102,605",0.09%
TOURMALINE OIL CORP COM NPV,CA89156V1067,157.19,"11,549",0.01%
TOYOTA INDUSTRIES CORP NPV,JP3634600005,81.45,"14,024",0.01%
TOYOTA MOTOR CORP NPV,JP3633400001,"5,055.44","133,139",0.11%
TOYOTA TSUSHO CORP NPV,JP3635000007,365.9,"12,636",0.01%
TPG TELECOM LTD TPG TELECOM LTD,AU0000090128,"7,844.69","41,812",0.04%
TRACTOR SUPPLY COMPANY COM STK USD0.008,US8923561067,286.1,"23,038",0.02%
TRADE DESK INC/THE -CLASS A TTD,US88339J1051,243.66,"26,766",0.02%
TRADEWEB MARKETS INC-CLASS A TW,US8926721064,64.6,"14,431",0.01%
TRANE TECHNOLOGIES PLC,IE00BK9ZQ967,120.48,"80,414",0.07%
TRANSUNION TRU,US89400J1079,109.95,"14,764",0.01%
TRANSURBAN GROUP-STAPLED,AU000000TCL6,"57,273.44","800,683",0.68%
TRAVELERS COS INC/THE COM NPV,US89417E1091,121.87,"49,753",0.04%
TREASURY WINE ESTATES LTD NPV,AU000000TWE9,"14,977.52","116,974",0.10%
TRELLEBORG AB-B SHS SER'B'NPV,SE0000114837,133,"7,498",0.01%
TREND MICRO INCORPORATED,JP3637300009,71.67,"7,554",0.01%
TRIMBLE LTD,US8962391004,118.19,"13,703",0.01%
TRUIST FINANCIAL CORP,US89832Q1094,713.33,"46,794",0.04%
TRYG A/S TRYG,DK0060636678,161.48,"6,342",0.01%
TWILIO INC - A TWLO,US90138F1021,81.62,"15,488",0.01%
TYLER TECHNOLOGIES INC COM USD0.01,US9022521051,23.11,"20,905",0.02%
TYSON FOODS INC-CL A CLASS'A'COM USD0.10,US9024941034,143.5,"12,249",0.01%
U-HAUL HOLDING CO,US0235865062,43.83,"3,636",0.00%
UBER TECHNOLOGIES INC UBER,US90353T1007,"1,005.06","143,087",0.12%
UBS GROUP AG-REG UBSG,CH0244767585,"1,729.19","89,002",0.08%
UCB SA NPV,BE0003739530,62.47,"18,682",0.02%
UDR INC COM USD0.01,US9026531049,182.99,"11,400",0.01%
ULTA SALON COSMETICS & FRAGR COM STK USD0.01,US90384S3031,24.68,"17,617",0.01%
UNI-CHARM CORPORATION UNI-CHARM CORPORATION,JP3951600000,633.37,"6,962",0.01%
UNIBAIL-RODAMCO-WESTFIELD URW,FR0013326246,65.3,"9,490",0.01%
UNICREDIT SPA UCGM,IT0005239360,751.42,"76,597",0.06%
UNILEVER PLC,GB00B10RZP78,204.72,"18,980",0.02%
UNILEVER PLC ORD GBP0.031111,GB00B10RZP78,"1,133.86","104,913",0.09%
UNION PACIFIC CORP COM USD2.50,US9078181081,318.46,"111,805",0.09%
UNIPOL SPA NPV,IT0004810054,98.36,"2,964",0.00%
UNITED AIRLINES HOLDINGS INC,US9100471096,52.53,"6,383",0.01%
UNITED OVERSEAS BANK LTD NPV,SG1M31001969,689.65,"29,745",0.03%
UNITED PARCEL SERVICE CL B,US9113121068,389.29,"59,961",0.05%
UNITED RENTALS INC COM STK USD0.01,US9113631090,35.63,"40,964",0.03%
UNITED THERAPEUTICS CORP COM STK USD0.01,US91307C1027,22.79,"9,993",0.01%
UNITED UTILITIES GROUP PLC ORD GBP0.05,GB00B39J2M42,342.94,"8,186",0.01%
UNITEDHEALTH GROUP INC COM USD0.01,US91324P1021,486.94,"231,800",0.20%
UNIVERSAL HEALTH SERVICES-B CLASS'B'COM USD0.01,US9139031002,32.52,"8,988",0.01%
UNIVERSAL MUSIC GROUP BV,NL0015000IY2,567.9,"27,953",0.02%
UPM-KYMMENE OYJ NPV,FI0009005987,330,"13,690",0.01%
US BANCORP COM USD0.01,US9029733048,850.54,"58,728",0.05%
VALERO ENERGY CORP COM USD0.01,US91913Y1001,169.78,"34,823",0.03%
VALTERRA PLATINUM LIMITED,ZAE000013181,64.25,"4,360",0.00%
VAT GROUP AG,CH0311864901,12.76,"8,186",0.01%
VAULT MINERALS LTD,AU0000355588,"125,645.01","52,771",0.04%
VEEVA SYSTEMS INC-CLASS A COM USD0.00001 CL 'A',US9224751084,83.28,"36,595",0.03%
VENTAS INC COM USD0.25,US92276F1003,232.78,"22,430",0.02%
VENTIA SERVICES GROUP PTY LT,AU0000184459,"15,798.02","81,834",0.07%
VERALTO CORP-W/I,US92338C1036,126.82,"19,535",0.02%
VERBUND AG CLASS'A'NPV,AT0000746409,30.41,"3,549",0.00%
VERISIGN INC COM USD0.001,US92343E1029,46.69,"20,573",0.02%
VERISK ANALYTICS INC-CLASS A COM USD0.001 CLASS 'A',US92345Y1064,74.88,"35,592",0.03%
VERIZON COMMUNICATIONS INC COM USD0.10,US92343V1044,"2,244.71","148,208",0.13%
VERTEX PHARMACEUTICALS INC COM USD0.01,US92532F1003,137.58,"93,464",0.08%
VERTIV HOLDINGS CO,US92537N1081,194.84,"38,177",0.03%
VESTAS WIND SYSTEMS A/S,DK0061539921,519.95,"11,861",0.01%
VICI PROPERTIES INC,US9256521090,535.31,"26,629",0.02%
VICINITY CENTERS VCX,AU000000VCX7,"71,417.18","176,400",0.15%
VINCI SA EUR2.50,FR0000125486,274.13,"61,426",0.05%
VISA INC-CLASS A SHARES COM STK USD0.0001,US92826C8394,918.59,"497,666",0.42%
VISTRA CORP,US92840M1027,182.73,"54,039",0.05%
VIVA ENERGY GROUP LTD VEA,AU0000016875,"20,771.11","44,866",0.04%
VODAFONE GROUP PLC ORD USD0.2095238(POST CONSOL),GB00BH4HKS39,"11,092.74","18,041",0.02%
VOLKSWAGEN AG-PREF NON VTG PRF NPV,DE0007664039,113.45,"18,212",0.02%
VOLVO AB-B SHS SER'B'NPV,SE0000115446,873.57,"37,120",0.03%
VONOVIA SE ANN,DE000A1ML7J1,394.29,"21,124",0.02%
VULCAN MATERIALS CO COM USD1,US9291601097,70.35,"27,998",0.02%
WABTEC CORP,US9297401088,89.71,"28,658",0.02%
WALMART INC,US9311421039,"2,349.44","350,542",0.30%
WALT DISNEY CO/THE DISNEY COM USD0.01,US2546871060,964.06,"182,427",0.15%
WARNER BROS DISCOVERY INC,US9344231041,"1,278.06","22,349",0.02%
WASHINGTON H. SOUL PATTINSON NPV,AU000000SOL3,"4,615.28","193,888",0.16%
WASTE CONNECTIONS INC,CA94106B1013,137.32,"39,125",0.03%
WASTE MANAGEMENT INC COM USD0.01,US94106L1098,212.84,"74,315",0.06%
WATERS CORP COM USD0.01,US9418481035,33.14,"17,649",0.01%
WATSCO INC COM USD0.50,US9426222009,19.36,"13,048",0.01%
WAYPOINT REIT WPR,AU0000088064,"12,321.99","30,312",0.03%
WEB TRAVEL GROUP LTD,AU000000WEB7,"7,200.22","32,041",0.03%
WEC ENERGY GROUP INC WEC,US92939U1060,175.74,"27,943",0.02%
WELLS FARGO & CO COM USD1 2/3,US9497461015,"1,743.46","213,147",0.18%
WELLTOWER INC HCN,US95040Q1040,347.61,"81,541",0.07%
WESFARMERS LTD WES,AU000000WES1,"20,941.78","1,774,816",1.50%
WEST AFRICAN RESOURCES LTD WAF,AU000000WAF6,"21,055.88","47,797",0.04%
WEST FRASER TIMBER CO LTD COM NPV,CA9528451052,34.09,"3,807",0.00%
WEST JAPAN RAILWAY CO,JP3659000008,262.78,"9,166",0.01%
WEST PHARMACEUTICAL SERVICES COM USD0.25,US9553061055,39.45,"13,169",0.01%
WESTERN DIGITAL CORP COM USD0.01,US9581021055,168.27,"16,431",0.01%
WESTGOLD RESOURCES LTD,AU000000WGX6,"17,421.34","49,999",0.04%
WESTON (GEORGE) LTD COM,CA9611485090,36.07,"11,017",0.01%
WESTPAC BANKING CORP WBC,AU000000WBC1,"63,294.71","2,143,159",1.82%
WEYERHAEUSER CO WY,US9621661043,393.44,"15,423",0.01%
WH GROUP LTD 288,KYG960071028,"4,004.84","5,877",0.00%
WHARF HOLDINGS LTD,HK0004000045,691.15,"3,211",0.00%
WHARF REAL ESTATE INVESTMENT 1997,KYG9593A1040,"1,067.66","4,607",0.00%
WHEATON PRECIOUS METALS CORP,CA9628791027,250.43,"34,295",0.03%
WHITBREAD PLC ORD GBP0.76797385,GB00B1KJJ408,67.97,"4,012",0.00%
WHITECAP RESOURCES INC COM NPV,CA96467A2002,486.7,"4,980",0.00%
WHITEHAVEN COAL LTD NPV,AU000000WHC8,"15,447.55","83,880",0.07%
WILLIAMS COS INC COM USD1,US9694571004,658.55,"63,116",0.05%
WILLIAMS-SONOMA INC COM USD0.01,US9699041011,61.93,"15,438",0.01%
WILLIS TOWERS WATSON PLC,IE00BDB6Q211,53.05,"24,813",0.02%
WILMAR INTERNATIONAL LTD NPV,SG1T56930848,767.95,"2,641",0.00%
WISE PLC - A,GB00BL9YR756,341.69,"7,431",0.01%
WISETECH GLOBAL LTD WTC,AU000000WTC3,"3,456.48","376,860",0.32%
WIX.COM LTD WIX,IL0011301780,26.82,"6,484",0.01%
WOLTERS KLUWER EUR0.12,NL0000395903,132.5,"33,689",0.03%
WOODSIDE ENERGY GROUP LTD,AU0000224040,"35,034.81","827,872",0.70%
WOOLWORTHS GROUP LTD,AU000000WOW2,"22,540.15","701,224",0.59%
WORKDAY INC-CLASS A COM USD0.001,US98138H1014,112.7,"41,273",0.03%
WORLDLINE SA WORLDLINE SA - W/I,FR0011981968,0,,0.00%
WORLEYPARSONS LTD NPV,AU000000WOR2,"9,083.66","118,814",0.10%
WP CAREY INC COM USD0.001,US92936U1097,124.29,"11,831",0.01%
WPP PLC ORD GBP0.10,JE00B8KF9B49,633.38,"6,789",0.01%
WR BERKLEY CORP COM USD0.20,US0844231029,151.54,"16,989",0.01%
WSP GLOBAL INC WSP GLOBAL INC,CA92938W2022,71.31,"22,152",0.02%
WW GRAINGER INC COM STK USD0.50,US3848021040,23.66,"37,562",0.03%
XCEL ENERGY INC COM,US98389B1008,312.09,"32,431",0.03%
XERO LTD,AU0000403172,192.12,"34,542",0.03%
XERO LTD XRO,NZXROE0001S2,"2,847.86","512,045",0.43%
XYLEM INC COM USD0.01,US98419M1009,131.68,"25,991",0.02%
YAKULT HONSHA CO LTD NPV,JP3931600005,108.79,"3,117",0.00%
YAMAHA MOTOR CO LTD NPV,JP3942800008,516.92,"5,895",0.00%
YANCOAL AUSTRALIA LTD NPV,AU000000YAL0,"7,267.75","41,935",0.04%
YANGZIJIANG SHIPBUILDING NPV,SG1U76934819,"1,442.64","3,837",0.00%
YARA INTERNATIONAL ASA NOK1.7,NO0010208051,64.76,"3,633",0.00%
YOKOGAWA ELECTRIC CORP,JP3955000009,85.57,"3,485",0.00%
YUM! BRANDS INC COM NPV,US9884981013,145.04,"32,795",0.03%
ZALANDO SE ZAL,DE000ZAL1111,114.2,"5,717",0.00%
ZEBRA TECHNOLOGIES CORP-CL A 'A'COM USD0.01,US9892071054,28.5,"13,411",0.01%
ZENSHO HOLDINGS CO LTD NPV,JP3429300001,60.34,"5,570",0.00%
ZILLOW GROUP INC - C ZCVVV,US98954M2008,93.43,"9,986",0.01%
ZIMMER BIOMET HOLDINGS INC,US98956P1021,106.23,"14,785",0.01%
ZIP CO LTD,AU0000218307,"23,958.04","73,551",0.06%
ZOETIS INC ZOETIS INC,US98978V1035,238.4,"56,732",0.05%
ZOOM COMMUNICATIONS INC,US98980L1017,135.99,"16,182",0.01%
ZOZO INC,JP3399310006,253.08,"4,163",0.00%
ZSCALER INC,US98980G1022,54.2,"25,962",0.02%
ZURICH INSURANCE GROUP AG CHF0.10,CH0011075394,79.63,"84,659",0.07%
Total,,,"106,299,326",90.08%
Total Investment Items,,,"117,357,017",99.45%
,,,,
Table 2 — Derivatives by kind of derivative,,,,
Portfolio Holdings Information for Investment Option HC Indexed Growth - Class A Option - Derivatives,,,,
Kind of derivative,,,Value (AUD),Weighting (%)
Swaps,,,,0.00%
Forwards,,,"641,011",0.54%
Futures,,,"4,735",0.00%
Options,,,12,0.00%
Total,,,"645,758",0.55%
,,,,
Table 3 — Derivatives by asset class,,,,
Portfolio Holdings Information for Investment Option HC Indexed Growth - Class A Option - Derivatives by Asset Class,,,,
Asset class,,,Actual asset allocation (% of Assets (including derivatives) in the investment option),Effect of derivatives exposure (% of Assets (including derivatives) in the investment option)
Cash,,,1.05%,-0.45%
Fixed Income,,,8.86%,0.00%
Equity,,,90.09%,0.45%
Property,,,0.00%,0.00%
Infrastructure,,,0.00%,0.00%
Alternatives,,,0.00%,0.00%
Total,,,100.00%,0.00%
,,,,
Table 4—Derivatives by currency,,,,
,,,,
Portfolio Holdings Information for Investment Option HC Indexed Growth - Class A Option - Derivatives by Currency,,,,
Currency exposure,,,Actual Currency Exposure (% of Assets (including derivatives) in the investment option),Effect of derivatives exposure (% of Assets (including derivatives) in the investment option)
AUD,,,49.77%,26.55%
USD,,,37.40%,-19.58%
Developed Markets,,,12.40%,-6.36%
Emerging Markets,,,0.43%,-0.21%
