HC Indexed High Growth - Class A Option,,,,
HOSTPLUS,,,,
,,,,
Table 1 - Assets HC Indexed High Growth - Class A Option - Assets,,,,
Portfolio Holdings Information for Investment Option HC Indexed High Growth - Class A Option - Assets,,,,
Cash,,,,
Name of Institution,Currency,,Value (AUD),Weighting (%)
Citigroup Inc,AUD,,"1,580,929",0.12%
Citigroup Inc,CAD,,"20,789",0.00%
Citigroup Inc,CHF,,"212,971",0.02%
Citigroup Inc,DKK,,"13,140",0.00%
Citigroup Inc,EUR,,"128,149",0.01%
Citigroup Inc,GBP,,"-21,728",0.00%
Citigroup Inc,HKD,,"5,454",0.00%
Citigroup Inc,ILS,,"5,758",0.00%
Citigroup Inc,JPY,,"82,963",0.01%
Citigroup Inc,NOK,,"22,828",0.00%
Citigroup Inc,NZD,,"1,373",0.00%
Citigroup Inc,SEK,,"1,383",0.00%
Citigroup Inc,SGD,,"4,156",0.00%
Citigroup Inc,USD,,"2,111,367",0.16%
Macquarie Bank,AUD,,"516,327",0.04%
Macquarie Bank,CAD,,"42,014",0.00%
Macquarie Bank,CHF,,-22,0.00%
Macquarie Bank,EUR,,"71,255",0.01%
Macquarie Bank,GBP,,"-7,250",0.00%
Macquarie Bank,HKD,,,0.00%
Macquarie Bank,JPY,,"50,202",0.00%
Macquarie Bank,SGD,,4,0.00%
Macquarie Bank,USD,,"65,079",0.00%
Total,,,"4,907,141",0.37%
Listed Equity,,,,
Name/kind of investment item,Security Identifier,Units held,Value (AUD),Weighting (%)
3I GROUP PLC ORD GBP0.738636,GB00B1YW4409,"5,898.22","508,132",0.04%
3M CO COM USD0.01,US88579Y1010,"3,426.24","795,926",0.06%
A2 MILK CO LTD ATM,NZATME0002S8,"177,154.14","1,419,005",0.11%
ABB LTD-REG CHF1.03 (REGD),CH0012221716,"10,120.39","917,833",0.07%
ABBOTT LABORATORIES COM NPV,US0028241000,"11,048.42","2,292,966",0.17%
ABBVIE INC COM USD0.01,US00287Y1091,"11,165.50","3,162,493",0.24%
ABIOMED INC-CVR,US003CVR0169,97.86,,0.00%
ABN AMRO GROUP NV-CVA/W/I ABN,NL0011540547,"2,921.80","121,626",0.01%
ACCENTURE PLC-CL A CLS'A'USD0.0000225,IE00B4BNMY34,"3,944.96","1,799,205",0.13%
ACCIONA SA EUR1,ES0125220311,184.36,"50,457",0.00%
ACCOR SA ACR,FR0000120404,"1,359.53","107,951",0.01%
ACS ACTIVIDADES CONS Y SERV EUR0.5,ES0167050915,"1,129.98","119,315",0.01%
ADDTECH AB-B SHARES,SE0014781795,"1,068.55","55,089",0.00%
ADIDAS AG NPV (REGD),DE000A1EWWW0,"1,019.91","361,623",0.03%
ADMIRAL GROUP PLC ORD GBP0.001,GB00B02J6398,"1,317.65","90,096",0.01%
ADOBE INC,US00724F1012,"2,682.51","1,583,594",0.12%
ADP EUR3,FR0010340141,190.2,"36,249",0.00%
ADRIATIC METALS PLC-CDI,AU0000004772,"75,769.89","430,373",0.03%
ADV MICRO DEVICES INC COM USD0.01,US0079031078,"10,247.35","2,218,812",0.17%
ADVANTEST CORP NPV,JP3122400009,"4,876.81","548,926",0.04%
ADYEN NV ADYEN,NL0012969182,156.05,"435,580",0.03%
AEGON LTD,BMG0112X1056,"8,827.81","97,213",0.01%
AENA SME SA,ES0105046017,"4,908.63","199,232",0.01%
AEON CO LTD AEON CO LTD,JP3388200002,"4,312.83","201,377",0.02%
AERCAP HOLDINGS NV EUR0.01,NL0000687663,"1,211.80","216,343",0.02%
AFLAC INC COM USD0.10,US0010551028,"3,292.21","529,787",0.04%
AGC INC,JP3112000009,"1,496.10","66,806",0.01%
AGEAS NPV (POST SPLIT),BE0974264930,941.53,"96,718",0.01%
AGILENT TECHNOLOGIES INC COM STK USD0.01,US00846U1016,"1,821.11","327,930",0.02%
AGL ENERGY LTD AGL,AU000000AGL7,"148,141.06","1,441,412",0.11%
AGNICO EAGLE MINES LTD AGNICO EAGLE MINES LTD,CA0084741085,"3,242.98","588,377",0.04%
AIA GROUP LTD USD1.00,HK0000069689,"67,851.02","928,512",0.07%
AIB GROUP PLC,IE00BF0L3536,"12,322.30","154,169",0.01%
AIR LIQUIDE SA EUR5.50,FR0000120073,"3,675.60","1,153,062",0.09%
AIR PRODUCTS & CHEMICALS INC COM USD1,US0091581068,"1,414.02","608,587",0.05%
AIRBNB INC,US0090661010,"2,766.02","558,564",0.04%
AISIN CORP,JP3102000001,"3,222.59","62,878",0.00%
AJINOMOTO INC COM,JP3119600009,"5,913.22","244,182",0.02%
AKAMAI TECHNOLOGIES INC COM STK USD0.01,US00971T1016,831.59,"101,210",0.01%
AKER BP ASA,NO0010345853,"1,443.37","56,107",0.00%
AKZO NOBEL,NL0013267909,"1,066.86","113,510",0.01%
ALAMOS GOLD INC-CLASS A AGI,CA0115321089,"2,360.42","95,607",0.01%
ALBERTSONS COS INC - CLASS A,US0130911037,"2,501.66","82,110",0.01%
ALCOA CORP-CDI,AU0000339426,"11,762.28","529,302",0.04%
ALCON INC,CH0432492467,"3,204.54","431,237",0.03%
ALEXANDRIA REAL ESTATE EQUIT COM STK USD0.01,US0152711091,985.88,"109,262",0.01%
ALFA LAVAL AB NPV,SE0000695876,"2,096.12","133,504",0.01%
ALIGN TECHNOLOGY INC COM USD0.0001,US0162551016,450.47,"130,141",0.01%
ALIMENTATION COUCHE-TARD INC,CA01626P1484,"4,830.90","365,684",0.03%
ALLEGION PLC CIM USD0.01 'WI',IE00BFRT3W74,479.04,"105,348",0.01%
ALLIANT ENERGY CORP COM,US0188021085,"1,461.49","134,853",0.01%
ALLIANZ SE-REG ALV,DE0008404005,"2,509.71","1,546,846",0.12%
ALLSTATE CORP COM USD0.01,US0200021014,"1,690.72","519,353",0.04%
ALNYLAM PHARMACEUTICALS INC COM USD0.01,US02043Q1076,803.47,"399,793",0.03%
ALPHABET INC-CL A GOOGL,US02079K3059,"37,038.97","9,960,141",0.75%
ALPHABET INC-CL C GOOG,US02079K1079,"31,193.16","8,443,359",0.63%
ALS LTD,AU000000ALQ6,"119,680.41","2,046,535",0.15%
ALSTOM EUR7.00,FR0010220475,"2,285.93","81,071",0.01%
ALTAGAS LTD COM NPV,CA0213611001,"1,261.93","55,785",0.00%
ALTRIA GROUP INC COM USD0.333333,US02209S1033,"10,616.91","949,827",0.07%
AMADEUS IT GROUP SA,ES0109067019,"2,946.61","377,265",0.03%
AMAZON.COM INC USD0.01,US0231351067,"60,445.54","20,235,212",1.52%
AMCOR PLC,JE00BJ1F3079,"14,508.75","203,457",0.02%
AMCOR PLC-CDI,AU000000AMC4,"144,643.77","2,053,942",0.15%
AMEREN CORP COM,US0236081024,"1,814.68","265,937",0.02%
AMERICAN ELECTRIC POWER COM USD6.50,US0255371017,"3,273.31","518,255",0.04%
AMERICAN EXPRESS CO COM USD0.20,US0258161092,"3,564.23","1,734,826",0.13%
AMERICAN FINL GROUP IN COM,US0259321042,373.85,"71,997",0.01%
AMERICAN HOMES 4 RENT- A AMH,US02665T3068,"2,220.93","122,238",0.01%
AMERICAN INTERNATIONAL GROUP COM USD2.50,US0268747849,"3,705.66","483,967",0.04%
AMERICAN TOWER CORP COM NEW USD0.01,US03027X1000,"2,951.22","995,313",0.07%
AMERICAN WATER WORKS CO INC COM STK USD0.01,US0304201033,"1,236.61","262,492",0.02%
AMERIPRISE FINANCIAL INC COM STK USD0.01,US03076C1062,621.65,"506,282",0.04%
AMETEK INC COM USD0.01,US0311001004,"1,403.82","387,633",0.03%
AMGEN INC COM USD0.0001,US0311621009,"3,394.61","1,446,265",0.11%
AMOTIV LTD,AU0000340770,"34,243.90","274,294",0.02%
AMP LTD NPV(POST RECON),AU000000AMP6,"619,826.76","780,982",0.06%
AMPHENOL CORP-CL A CL A,US0320951017,"7,562.50","1,139,539",0.09%
AMPOL LTD,AU0000088338,"58,312.39","1,500,961",0.11%
AMRIZE LTD,CH1430134226,"3,379.74","256,432",0.02%
AMUNDI SA AMUN,FR0004125920,115.26,"14,184",0.00%
ANA HOLDINGS INC NPV,JP3429800000,923.09,"27,523",0.00%
ANALOG DEVICES INC COM USD0.16 2/3,US0326541051,"3,122.85","1,134,204",0.08%
ANGLO AMERICAN PLC,GB00BTK05J60,"6,547.07","294,336",0.02%
ANHEUSER-BUSCH INBEV SA/NV,BE0974293251,"6,076.47","633,887",0.05%
ANNALY CAPITAL MANAGEMENT IN,US0357108390,"3,257.92","93,559",0.01%
ANSELL LTD NPV,AU000000ANN9,"35,717.21","1,081,874",0.08%
ANSYS INC COM USD0.01,US03662Q1058,552.68,"296,198",0.02%
ANTOFAGASTA PLC ORD GBP0.05,GB0000456144,"2,662.70","100,749",0.01%
ANZ GROUP HOLDINGS LTD ANZ,AU000000ANZ3,"727,664.32","21,218,692",1.59%
AON PLC,IE00BLP1HW54,"1,232.39","670,887",0.05%
AP MOELLER-MAERSK A/S-A DKK1000 'A',DK0010244425,18.64,"52,351",0.00%
AP MOELLER-MAERSK A/S-B,DK0010244508,29.48,"83,343",0.01%
APA GROUP NPV (STAPLED UNITS),AU000000APA1,"316,775.65","2,588,057",0.19%
APOLLO GLOBAL MANAGEMENT INC,US03769M1062,"2,566.79","555,658",0.04%
APPLE INC,US0378331005,"95,077.21","29,765,760",2.23%
APPLIED MATERIALS INC COM USD0.01,US0382221051,"5,118.64","1,429,877",0.11%
APPLOVIN CORP-CLASS A,US03831W1080,"1,466.29","783,275",0.06%
APTIV HOLDINGS LTD,JE00BTDN8H13,"1,485.12","154,597",0.01%
ARB CORPORATION LIMITED NPV,AU000000ARB5,"18,976.49","620,531",0.05%
ARC RESOURCES LTD COM NPV,CA00208D4084,"4,105.09","131,798",0.01%
ARCH CAPITAL GROUP LTD COM USD0.01,BMG0450A1053,"2,392.43","332,389",0.02%
ARCHER-DANIELS-MIDLAND CO COM NPV,US0394831020,"3,052.91","245,873",0.02%
ARENA REIT ARF,AU000000ARF6,"96,582.93","358,323",0.03%
ARES MANAGEMENT CORP,US03990B1017,"1,275.96","337,218",0.03%
ARGENX SE ARGX,NL0010832176,387.94,"326,448",0.02%
ARISTA NETWORKS INC,US0404132054,"6,789.74","1,059,981",0.08%
ARISTOCRAT LEISURE LTD NPV,AU000000ALL7,"152,975.67","9,969,424",0.75%
ARKEMA EUR10,FR0010313833,234.23,"26,243",0.00%
ARTHUR J GALLAGHER & CO COM USD1,US3635761097,"1,624.61","793,576",0.06%
ASAHI GROUP HOLDINGS LTD NPV,JP3116000005,"9,008.73","183,435",0.01%
ASAHI KASEI CORP ORD,JP3111200006,"7,298.27","79,180",0.01%
ASHTEAD GROUP PLC ORD GBP0.10,GB0000536739,"2,737.18","267,231",0.02%
ASICS CORP NPV,JP3118000003,"4,357.31","169,391",0.01%
ASM INTERNATIONAL N.V. EUR0.04,NL0000334118,305.08,"296,940",0.02%
ASML HOLDING NV EUR0.09 (POST SPLIT),NL0010273215,"2,487.69","3,019,324",0.23%
ASR NEDERLAND NV ASRNL,NL0011872643,402.48,"40,645",0.00%
ASSA ABLOY AB-B,SE0007100581,"5,817.76","274,970",0.02%
ASSICURAZIONI GENERALI EUR1,IT0000062072,"5,996.34","324,471",0.02%
ASSOCIATED BRITISH FOODS PLC ORD GBP0.0568,GB0006731235,"2,200.09","94,677",0.01%
ASTELLAS PHARMA INC NPV,JP3942400007,"11,230.44","168,050",0.01%
ASTRAZENECA PLC ORD USD0.25,GB0009895292,"9,826.75","2,079,450",0.16%
AT&T INC COM STK USD1,US00206R1023,"45,360.73","2,003,112",0.15%
ATLAS ARTERIA-STAPLED,AU0000013559,"259,161.40","1,319,132",0.10%
ATLAS COPCO AB-A SHS,SE0017486889,"15,422.55","377,429",0.03%
ATLAS COPCO AB-B SHS,SE0017486897,"12,080.67","260,055",0.02%
ATLASSIAN CORP PLC-CLASS A,US0494681010,"1,009.07","312,705",0.02%
ATMOS ENERGY CORP COM NPV,US0495601058,"1,029.78","242,160",0.02%
AUB GROUP LTD,AU000000AUB9,"28,537.26","1,012,502",0.08%
AUCKLAND INTL AIRPORT LTD,NZAIAE0002S6,"94,631.45","671,883",0.05%
AUCKLAND INTL AIRPORT LTD AUCKLAND INTL AIRPORT LTD,NZAIAE0002S6,"11,093.55","79,587",0.01%
AURIZON HOLDINGS LTD NPV,AU000000AZJ1,"433,896.01","1,314,705",0.10%
AUSTRALIAN STOCK EXCHANGE NPV,AU000000ASX7,"47,426.92","3,308,502",0.25%
AUTO TRADER GROUP PLC AUTO,GB00BVYVFW23,"4,196.66","72,344",0.01%
AUTODESK INC COM USD0.01,US0527691069,"1,353.75","639,478",0.05%
AUTOMATIC DATA PROCESSING COM USD0.10,US0530151036,"2,564.39","1,206,770",0.09%
AUTOZONE INC COM STK USD0.01,US0533321024,106.04,"600,681",0.04%
AVALONBAY COMMUNITIES INC COM USD0.01,US0534841012,878.8,"272,886",0.02%
AVANTOR INC AVTR,US05352A1007,"4,036.00","82,894",0.01%
AVERY DENNISON CORP COM USD1,US0536111091,526.58,"140,992",0.01%
AVIVA PLC,GB00BPQY8M80,"16,922.48","219,105",0.02%
AVZ MINERALS LTD AVZ,AU000000AVZ6,"362,137.22","282,467",0.02%
AXA SA CSLI,FR0000120628,"11,511.81","859,224",0.06%
AXON ENTERPRISE INC,US05464C1018,466.38,"589,206",0.04%
AZRIELI GROUP ILS0.01,IL0011194789,259.56,"36,424",0.00%
Avolta,CH0023405456,746.78,"61,585",0.00%
BAKER HUGHES A GE CO,US05722G1004,"6,359.08","372,026",0.03%
BALL CORP COM NPV,US0584981064,"1,734.87","148,484",0.01%
BALOISE HOLDING AG - REG CHF0.10 (REGD) (VINKULIERT),CH0012410517,192.99,"69,257",0.01%
BANCO BILBAO VIZCAYA ARGENTA BBVA,ES0113211835,"36,409.73","851,400",0.06%
BANCO BPM SPA,IT0005218380,"5,837.95","103,648",0.01%
BANCO DE SABADELL SA EUR0.125,ES0113860A34,"34,173.60","165,454",0.01%
BANCO SANTANDER SA SANN,ES0113900J37,"95,726.91","1,204,879",0.09%
BANDAI NAMCO HOLDINGS INC,JP3778630008,"3,864.37","211,095",0.02%
BANK HAPOALIM BM ILS1,IL0006625771,"8,676.96","254,070",0.02%
BANK LEUMI LE-ISRAEL ILS1,IL0006046119,"8,250.32","234,101",0.02%
BANK OF AMERICA CORP COM STK USD0.01,US0605051046,"45,634.11","3,295,043",0.25%
BANK OF IRELAND GROUP PLC BIRG,IE00BD1RP616,"6,851.70","148,315",0.01%
BANK OF MONTREAL COM NPV,CA0636711016,"4,636.93","782,532",0.06%
BANK OF NEW YORK MELLON CORP COM STK USD0.01,US0640581007,"4,637.65","644,749",0.05%
BANK OF NOVA SCOTIA COM NPV,CA0641491075,"7,770.76","654,352",0.05%
BANK OF QUEENSLAND LTD,AU000000BOQ8,"161,881.70","1,259,440",0.09%
BANKINTER SA EUR0.3(REGD),ES0113679I37,"2,996.09","59,461",0.00%
BAPCOR LTD BURSON GROUP LTD,AU000000BAP9,"82,516.62","412,583",0.03%
BARCLAYS PLC ORD GBP0.25,GB0031348658,"91,394.47","644,606",0.05%
BARRATT REDROW PLC,GB0000811801,"7,284.89","69,447",0.01%
BARRICK MINING CORP,CA06849F1080,"11,193.16","354,862",0.03%
BARRY CALLEBAUT AG-REG CHF24.20 (REGD),CH0009002962,18.57,"30,760",0.00%
BASF SE BAS,DE000BASF111,"5,852.18","438,789",0.03%
BAXTER INTERNATIONAL INC COM USD1,US0718131099,"3,269.15","151,049",0.01%
BAYERISCHE MOTOREN WERKE AG BMW,DE0005190003,"1,897.87","256,520",0.02%
BAYERISCHE MOTOREN WERKE-PFD NON VTG PRF EUR1,DE0005190037,401.9,"50,607",0.00%
BCE INC COM NPV,CA05534B7604,317.8,"10,733",0.00%
BE SEMICONDUCTOR INDUSTRIES,NL0012866412,539.76,"122,833",0.01%
BEACH ENERGY LTD NPV,AU000000BPT9,"388,323.54","512,587",0.04%
BECTON DICKINSON AND CO COM USD1,US0758871091,"1,794.68","471,708",0.04%
BEGA CHEESE LTD NPV,AU000000BGA8,"65,968.00","360,185",0.03%
BEIERSDORF AG BEI,DE0005200000,676.78,"129,224",0.01%
BEIJER REF AB,SE0015949748,"2,382.82","56,978",0.00%
BELLEVUE GOLD LTD BGL,AU0000019374,"356,153.75","320,538",0.02%
BENDIGO AND ADELAIDE BANK NPV,AU000000BEN6,"139,051.98","1,757,617",0.13%
BENTLEY SYSTEMS INC-CLASS B BSY,US08265T2087,"1,037.18","85,415",0.01%
BERKSHIRE HATHAWAY INC-CL B CLASS'B'COM USD0.0033,US0846707026,"8,448.51","6,262,353",0.47%
BEST BUY CO INC COM USD0.10,US0865161014,"1,116.21","114,338",0.01%
BHP GROUP LTD,AU000000BHP4,"1,240,846.21","45,601,098",3.41%
BIOGEN INC,US09062X1037,951.53,"182,349",0.01%
BIOMARIN PHARMACEUTICAL INC COM USD0.001,US09061G1013,"1,200.24","100,675",0.01%
BIOMERIEUX,FR0013280286,312.22,"65,655",0.00%
BKW AG CHF2.50,CH0130293662,157.21,"52,228",0.00%
BLACKROCK FUNDING INC/DE,US09290D1019,934.19,"1,495,691",0.11%
BLACKSTONE GROUP INC/THE,US09260D1072,"4,584.46","1,046,379",0.08%
BLOCK INC - CDI,AU0000380420,"13,261.10","1,361,252",0.10%
BLOCK INC SQ,US8522341036,"3,584.88","371,589",0.03%
BLUESCOPE STEEL LTD,AU000000BSL0,"107,299.93","2,479,701",0.19%
BNP PARIBAS EUR2,FR0000131104,"6,581.17","899,664",0.07%
BOC HONG KONG HOLDINGS LTD,HK2388011192,"25,624.37","169,850",0.01%
BOLIDEN AB,SE0020050417,"1,906.70","90,088",0.01%
BOLLORE SE,FR0000039299,"3,491.43","33,333",0.00%
BOOKING HOLDINGS INC,US09857L1089,207.74,"1,835,096",0.14%
BOSS RESOURCES LTD BOE,AU000000BOE4,"99,525.50","464,784",0.03%
BOSTON SCIENTIFIC CORP COM STK,US1011371077,"9,346.21","1,531,817",0.11%
BOUYGUES SA EUR1,FR0000120503,"1,438.30","98,928",0.01%
BP PLC ORD USD0.25,GB0007980591,"102,147.74","781,110",0.06%
BPER BANCA,IT0000066123,"5,132.08","70,929",0.01%
BRAMBLES LTD NPV,AU000000BXB1,"336,427.68","7,879,136",0.59%
BRENNTAG SE,DE000A1DAHH0,874.9,"88,072",0.01%
BREVILLE GROUP LTD,AU000000BRG2,"24,669.77","727,511",0.05%
BRICKWORKS LIMITED NPV,AU000000BKW4,"21,199.29","729,256",0.05%
BRIDGESTONE CORPORATION NPV,JP3830800003,"3,452.21","215,166",0.02%
BRISTOL-MYERS SQUIBB CO COM STK USD0.10,US1101221083,"12,867.64","908,893",0.07%
BRITISH AMERICAN TOBACCO PLC ORD GBP0.25,GB0002875804,"12,719.13","921,018",0.07%
BROADCOM INC,US11135F1012,"28,272.07","11,891,657",0.89%
BROADRIDGE FINANCIAL SOL-W/I COM STK USD0.01,US11133T1034,727.11,"269,640",0.02%
BROWN & BROWN INC COM,US1152361010,"1,855.98","313,989",0.02%
BROWN-FORMAN CORP-CLASS B 'B'COM USD0.15,US1156372096,"1,271.02","52,191",0.00%
BT GROUP PLC ORD GBP0.05,GB0030913577,"41,215.11","166,977",0.01%
BUILDERS FIRSTSOURCE INC COM USD0.01,US12008R1077,752.69,"134,022",0.01%
BUNGE GLOBAL SA,CH1300646267,810.03,"99,228",0.01%
BUNZL PLC ORD GBP0.32142857,GB00B0744B38,"2,470.29","119,838",0.01%
BUREAU VERITAS SA EUR0.12,FR0006174348,"1,237.91","64,169",0.00%
BURLINGTON STORES INC BURL,US1220171060,411.38,"146,034",0.01%
BWP TRUST,AU000000BWP3,"135,314.39","476,307",0.04%
BXP INC,US1011211018,871.66,"89,739",0.01%
C.H. ROBINSON WORLDWIDE INC COM USD0.1,US12541W2098,797.43,"116,753",0.01%
CADENCE DESIGN SYS INC COM STK USD0.01,US1273871087,"1,733.51","815,108",0.06%
CAIXABANK,ES0140609019,"24,876.10","327,676",0.02%
CAMDEN PROPERTY TRUST SBI USD0.01,US1331311027,731.07,"125,710",0.01%
CAN IMPERIAL BK OF COMMERCE COM NPV,CA1360691010,"5,545.67","599,451",0.04%
CANADIAN NATL RAILWAY CO COM NPV,CA1363751027,"3,425.20","543,489",0.04%
CANADIAN NATURAL RESOURCES COM NPV,CA1363851017,"13,487.28","645,537",0.05%
CANADIAN PACIFIC KANSAS CITY,CA13646K1084,"5,942.50","718,902",0.05%
CANADIAN TIRE CORP-CLASS A CLASS'A'CUM NON-VTG COM NPV,CA1366812024,239.1,"49,570",0.00%
CANADIAN UTILITIES LTD A CLASS'A'COM NON-VTG NPV,CA1367178326,681.84,"28,731",0.00%
CANON INC NPV,JP3242800005,"6,111.54","270,449",0.02%
CAPCOM CO LTD NPV,JP3218900003,"2,324.77","121,148",0.01%
CAPGEMINI SE,FR0000125338,"1,066.73","277,148",0.02%
CAPITAL ONE FINANCIAL CORP COM USD0.01,US14040H1059,"4,076.65","1,323,489",0.10%
CAPITALAND INTEGRATED COMMER,SG1M51904654,"41,604.87","108,163",0.01%
CAPITALAND INVESTMENT LTD/SI,SGXE62145532,"21,339.73","67,750",0.01%
CAPLAND ASCENDAS REIT,SG1M77906915,"27,770.37","89,165",0.01%
CAPRICORN METALS LTD CMM,AU000000CMM9,"105,526.23","1,007,775",0.08%
CAPSTONE COPPER CORP-CDI,AU0000318552,"45,917.82","432,546",0.03%
CAR GROUP LTD CAR,AU000000CAR3,"92,389.12","3,457,201",0.26%
CARDINAL HEALTH INC COM NPV,US14149Y1082,"1,534.35","393,332",0.03%
CARLISLE COS INC COM USD1,US1423391002,296.12,"168,718",0.01%
CARLSBERG AS-B SER'B'DKK20,DK0010181759,611.71,"131,793",0.01%
CARLYLE GROUP INC/THE,US14316J1088,"1,475.77","115,747",0.01%
CARNIVAL CORP COM USD0.01(PAIRED STOCK),PA1436583006,"6,414.80","275,248",0.02%
CARREFOUR SA EUR2.5,FR0000120172,"3,817.42","81,847",0.01%
CARRIER GLOBAL CORP-W/I,US14448C1045,"4,973.44","555,438",0.04%
CARVANA CO CVNA,US1468691027,757.37,"389,414",0.03%
CATALYST METALS LTD,AU000000CYL6,"46,955.80","245,109",0.02%
CATERPILLAR INC COM STK USD1,US1491231015,"3,015.57","1,786,336",0.13%
CBOE GLOBAL MARKETS INC,US12503M1080,673.27,"239,588",0.02%
CBRE GROUP INC,US12504L1098,"1,957.15","418,458",0.03%
CCL INDUSTRIES INC - CL B 'B'NON-VTG COM NPV,CA1249003098,989.91,"87,907",0.01%
CDW CORP/DE COM USD0.01,US12514G1085,846.66,"230,723",0.02%
CELESTICA INC,CA15101Q2071,754.7,"179,564",0.01%
CELLNEX TELECOM SA CLNX,ES0105066007,"3,259.54","192,376",0.01%
CENCORA INC,US03073E1055,"1,154.92","528,422",0.04%
CENOVUS ENERGY INC COM NPV,CA15135U1093,"9,013.01","186,766",0.01%
CENTENE CORP COM USD0.001,US15135B1017,"3,115.12","258,013",0.02%
CENTERPOINT ENERGY INC COM NPV,US15189T1079,"4,248.54","238,180",0.02%
CENTRAL JAPAN RAILWAY CO NPV,JP3566800003,"4,608.30","157,339",0.01%
CENTRICA PLC ORD GBP0.061728395,GB00B033F229,"31,674.35","106,997",0.01%
CENTURIA CAPITAL GROUP,AU000000CNI5,"201,743.32","339,937",0.03%
CENTURIA INDUSTRIAL REIT,AU000000CIP0,"129,649.71","404,507",0.03%
CF INDUSTRIES HOLDINGS INC COM USD0.01,US1252691001,"1,078.87","151,455",0.01%
CGI INC GIB/A,CA12532H1047,"1,339.86","214,278",0.02%
CHALLENGER LTD,AU000000CGF5,"135,683.71","1,096,324",0.08%
CHAMPION IRON LTD CIA,AU000000CIA2,"94,511.34","394,112",0.03%
CHARTER COMMUNICATIONS INC,US16119P1084,589.44,"367,694",0.03%
CHARTER HALL GROUP NPV (STAPLED),AU000000CHC0,"115,721.08","2,220,687",0.17%
CHARTER HALL LONG WALE REIT CLW,AU000000CLW0,"159,992.26","652,768",0.05%
CHARTER HALL RETAIL REIT,AU000000CQR9,"125,759.21","482,915",0.04%
CHECK POINT SOFTWARE TECH ORD ILS0.01,IL0010824113,583.66,"197,047",0.01%
CHENIERE ENERGY INC COM STK USD0.003,US16411R2085,"1,439.86","535,035",0.04%
CHEVRON CORP COM USD0.75,US1667641005,"10,465.80","2,286,713",0.17%
CHIBA BANK LTD/THE,JP3511800009,"4,232.50","59,668",0.00%
CHIPOTLE MEXICAN GRILL INC COM USD0.01,US1696561059,"8,574.04","734,618",0.06%
CHOCOLADEFABRIKEN LINDT-REG,CH0010570759,0.45,"115,196",0.01%
CHORUS LTD NPV,NZCNUE0001S2,"106,210.84","829,507",0.06%
CHUBB LTD,CH0044328745,"2,395.61","1,059,063",0.08%
CHUBU ELECTRIC POWER CO INC NPV,JP3526600006,"4,468.55","84,073",0.01%
CHUGAI PHARMACEUTICAL LTD NPV,JP3519400000,"4,208.67","334,561",0.03%
CHURCH & DWIGHT CO INC USD1,US1713401024,"1,568.89","230,085",0.02%
CIE FINANCIERE RICHEMON-REG CHF1.00 (REG) SER 'A',CH0210483332,"3,421.50","980,225",0.07%
CIGNA CORP,US1255231003,"1,703.70","859,403",0.06%
CINCINNATI FINANCIAL CORP COM USD2,US1720621010,"1,036.08","235,436",0.02%
CINTAS CORP COM,US1729081059,"2,307.36","784,683",0.06%
CISCO SYSTEMS INC COM USD0.001,US17275R1023,"25,026.69","2,649,503",0.20%
CITIGROUP INC COM USD0.01,US1729674242,"11,949.75","1,552,091",0.12%
CITIZENS FINANCIAL GROUP CFG,US1746101054,"3,033.88","207,166",0.02%
CK ASSET HOLDINGS LTD,KYG2177B1014,"10,396.51","69,923",0.01%
CK HUTCHISON HOLDINGS LTD,KYG217651051,"17,305.87","162,480",0.01%
CK INFRASTRUCTURE HOLDINGS LTD,BMG2178K1009,"4,404.07","44,473",0.00%
CLARITY PHARMACEUTICALS LTD,AU0000165375,"68,447.31","171,118",0.01%
CLEANAWAY WASTE MANAGEMENT L CWY,AU000000CWY3,"545,887.12","1,484,813",0.11%
CLOROX COMPANY COM USD1,US1890541097,825.68,"151,277",0.01%
CLOUDFLARE INC - CLASS A NET,US18915M1071,"1,969.62","588,557",0.04%
CLP HOLDINGS LTD,HK0002007356,"10,610.80","136,335",0.01%
CME GROUP INC CME,US12572Q1058,"2,278.34","958,198",0.07%
CMS ENERGY CORP COM USD0.01,US1258961002,"1,979.62","209,275",0.02%
CNH INDUSTRIAL NV CNH INDUSTRIAL NV,NL0010545661,"5,913.87","116,951",0.01%
COCA-COLA CO/THE COM USD0.25,US1912161007,"25,797.17","2,785,000",0.21%
COCA-COLA HBC AG-DI COCA-COLA HBC AG-CDI,CH0198251305,"1,587.01","126,235",0.01%
COCHLEAR LIMITED NPV,AU000000COH5,"16,003.95","4,807,906",0.36%
CODAN LTD NPV,AU000000CDA3,"28,690.17","576,959",0.04%
COGNIZANT TECH SOLUTIONS-A COM CL'A'USD0.01,US1924461023,"3,075.90","366,235",0.03%
COINBASE GLOBAL INC -CLASS A,US19260Q1076,"1,262.32","675,107",0.05%
COLES GROUP LTD,AU0000030678,"327,804.55","6,831,447",0.51%
COLGATE-PALMOLIVE CO COM USD1,US1941621039,"4,836.62","670,861",0.05%
COLOPLAST-B DKK1 B,DK0060448595,729.77,"105,402",0.01%
COMCAST CORP-CLASS A COM CLS'A' USD0.01,US20030N1019,"23,760.28","1,293,972",0.10%
COMMERZBANK AG NPV,DE000CBK1001,"5,635.22","270,309",0.02%
COMMONWEALTH BANK OF AUSTRAL NPV,AU000000CBA7,"409,250.78","75,609,082",5.66%
COMPAGNIE DE SAINT GOBAIN COMPAGNIE DE SAINT-GOBAIN,FR0000125007,"2,900.37","517,639",0.04%
COMPASS GROUP PLC,GB00BD6K4575,"11,034.20","569,204",0.04%
COMPUTERSHARE LTD NPV(POST REC),AU000000CPU5,"136,066.64","5,427,698",0.41%
CONAGRA BRANDS INC,US2058871029,"3,114.34","97,277",0.01%
CONCORDIA FINANCIAL GROUP LTD,JP3305990008,"5,015.20","49,653",0.00%
CONOCOPHILLIPS COM USD0.01,US20825C1045,"8,009.27","1,096,745",0.08%
CONSOLIDATED EDISON INC COM,US2091151041,"2,291.26","350,847",0.03%
CONSTELLATION BRANDS INC-A CLASS'A'COM USD0.01,US21036P1084,"1,047.12","259,930",0.02%
CONSTELLATION ENERGY-W/I,US21037T1097,"1,982.87","976,564",0.07%
CONSTELLATION SOFTWARE INC COM STK NPV,CA21037X1006,128.71,"718,674",0.05%
CONTACT ENERGY LTD CEN,NZCENE0001S6,"5,268.00","43,918",0.00%
CONTINENTAL AG NPV,DE0005439004,479.3,"63,616",0.00%
COOPER COS INC/THE,US2166485019,"1,283.82","139,401",0.01%
COPART INC COM NPV,US2172041061,"5,756.33","431,011",0.03%
COREBRIDGE FINANCIAL INC,US21871X1090,"1,736.43","94,062",0.01%
CORNING INC COM USD0.50,US2193501051,"5,230.01","419,694",0.03%
CORPAY INC,US2199481068,398.65,"201,847",0.02%
CORPORATE TRAVEL MANAGEMENT NPV,AU000000CTD3,"31,310.32","433,648",0.03%
CORTEVA INC-W/I,US22052L1044,"4,341.66","493,758",0.04%
COSTAR GROUP INC COM USD0.01,US22160N1090,"2,592.76","318,087",0.02%
COSTCO WHOLESALE CORP COM STK USD0.005,US22160K1051,"2,797.25","4,225,393",0.32%
COTERRA ENERGY INC,US1270971039,"4,641.80","179,765",0.01%
COVESTRO AG 1COV,DE0006062144,"1,168.88","126,793",0.01%
COVIVIO,FR0000064578,37.34,"3,581",0.00%
CREDIT AGRICOLE SA EUR3,FR0000045072,"7,044.30","202,702",0.02%
CREDIT CORP GROUP LIMITED NPV,AU000000CCP3,"16,535.49","223,725",0.02%
CRH PLC,IE0001827041,"4,382.51","613,892",0.05%
CRODA INTERNATIONAL PLC,GB00BJFFLV09,752.43,"46,005",0.00%
CROWDSTRIKE HOLDINGS INC - A CRWD,US22788C1053,"1,568.89","1,219,276",0.09%
CROWN CASTLE INTL CORP CCI,US22822V1017,"2,749.98","431,075",0.03%
CROWN HOLDINGS INC COM USD5,US2283681060,685.42,"107,705",0.01%
CSL LTD,AU000000CSL8,"118,416.22","28,358,317",2.12%
CSX CORP COM USD1,US1264081035,"11,975.73","596,274",0.04%
CTS EVENTIM AG & CO KGAA,DE0005470306,398.39,"75,213",0.01%
CUMMINS INC COM USD2.50,US2310211063,884.71,"442,119",0.03%
CVC CAPITAL PARTNERS PLC,JE00BRX98089,654.57,"20,377",0.00%
CVS HEALTH CORP CVS,US1266501006,"7,957.00","837,528",0.06%
CYBER-ARK SOFTWARE LTD/ISRAE CYBR,IL0011334468,310.08,"192,514",0.01%
Coca-Cola Europacific Partne,GB00BDCPN049,"1,349.60","190,943",0.01%
D'IETEREN GROUP,BE0974259880,110.98,"36,258",0.00%
DAI NIPPON PRINTING CO LTD,JP3493800001,"2,721.53","62,963",0.00%
DAI-ICHI LIFE HOLDINGS INC,JP3476480003,"22,672.31","262,501",0.02%
DAIFUKU CO LTD NPV,JP3497400006,"1,740.78","68,446",0.01%
DAIICHI SANKYO CO LTD NPV,JP3475350009,"10,926.01","388,392",0.03%
DAIMLER TRUCK HOLDING AG,DE000DTR0CK8,"3,105.51","223,447",0.02%
DAITO TRUST CONSTRUCT CO LTD,JP3486800000,427.29,"70,754",0.01%
DAIWA HOUSE INDUSTRY CO LTD NPV,JP3505000004,"3,814.24","199,613",0.01%
DAIWA SECURITIES LTD JAPAN NPV,JP3502200003,"7,994.21","86,519",0.01%
DANAHER CORP COM USD0.01,US2358511028,"4,047.04","1,219,886",0.09%
DANONE EUR0.25,FR0000120644,"4,274.52","531,050",0.04%
DANSKE BANK A/S DANSKE BANK A/S,DK0010274414,"4,746.29","294,331",0.02%
DARDEN RESTAURANTS INC COM NPV,US2371941053,765.61,"254,644",0.02%
DASSAULT AVIATION SA,FR0014004L86,129.55,"69,661",0.01%
DASSAULT SYSTEMES SE,FR0014003TT8,"4,376.40","240,890",0.02%
DATA 3 LTD NPV DFD 23/11/11(EX SPLIT),AU000000DTL4,"37,640.43","286,444",0.02%
DATADOG INC - CLASS A DDOG,US23804L1035,"1,753.19","359,358",0.03%
DAVIDE CAMPARI-MILANO NV,NL0015435975,"2,277.30","23,291",0.00%
DAVITA INC,US23918K1088,283.78,"61,683",0.00%
DBS GROUP HOLDINGS LTD NPV,SG1L01001701,"12,979.27","698,345",0.05%
DCC PLC ORD EUR0.25,IE0002424939,730.29,"72,199",0.01%
DECKERS OUTDOOR CORP DECKERS OUTDOOR CORP,US2435371073,977.25,"153,696",0.01%
DEEP YELLOW LTD NPV,AU000000DYL4,"235,562.83","393,390",0.03%
DEERE & CO COM USD1,US2441991054,"1,630.06","1,264,776",0.09%
DELIVERY HERO AG,DE000A2E4K43,914.06,"37,608",0.00%
DELL TECHNOLOGIES -C W/I,US24703L2025,"2,050.01","383,508",0.03%
DELTA AIR LINES INC COM USD0.0001 'WI',US2473617023,"1,103.55","82,815",0.01%
DEMANT A/S,DK0060738599,339.75,"21,550",0.00%
DENSO CORP NPV,JP3551500006,"11,977.35","246,792",0.02%
DENTSU GROUP INC,JP3551520004,"1,229.72","41,518",0.00%
DESCARTES SYSTEMS GRP/THE COM NPV,CA2499061083,613.79,"94,949",0.01%
DETERRA ROYALTIES LTD,AU0000107484,"102,829.06","386,637",0.03%
DEUTSCHE BANK AG-REGISTERED ORD NPV(REGD),DE0005140008,"11,872.86","535,276",0.04%
DEUTSCHE BOERSE AG NPV(REGD),DE0005810055,"1,215.76","602,991",0.05%
DEUTSCHE LUFTHANSA-REG LHA,DE0008232125,"3,765.41","48,426",0.00%
DEUTSCHE TELEKOM AG-REG DTE,DE0005557508,"22,273.08","1,235,551",0.09%
DEVON ENERGY CORPORATION COM USD0.10,US25179M1036,"4,039.05","196,051",0.01%
DEXCOM INC COM USD0.001,US2521311074,"2,477.30","329,967",0.02%
DEXUS DXS,AU000000DXS1,"263,138.72","1,749,872",0.13%
DHL GROUP,DE0005552004,"6,438.76","452,208",0.03%
DIAGEO PLC ORD GBX28.935185,GB0002374006,"14,606.22","558,306",0.04%
DIAMONDBACK ENERGY INC,US25278X1090,"1,158.49","242,887",0.02%
DIASORIN SPA EUR1,IT0003492391,57.02,"9,279",0.00%
DICK'S SPORTING GOODS INC COM USD0.01,US2533931026,383.98,"115,899",0.01%
DIGICO INFRASTRUCTURE REIT,AU0000367088,"95,047.82","319,361",0.02%
DIGITAL REALTY TRUST INC COM STK USD0.01,US2538681030,"2,118.59","563,567",0.04%
DISCO CORP JPY50,JP3548600000,585.67,"263,751",0.02%
DNB BANK ASA,NO0010161896,"6,349.79","266,747",0.02%
DOCUSIGN INC DOCU,US2561631068,"1,208.94","143,686",0.01%
DOLLAR GENERAL CORP COM USD0.875,US2566771059,"1,389.47","242,508",0.02%
DOLLAR TREE INC COM USD0.01,US2567461080,"1,262.91","190,857",0.01%
DOLLARAMA INC COM NPV,CA25675T1075,"1,804.03","387,083",0.03%
DOMINION ENERGY INC,US25746U1097,"5,384.95","464,420",0.03%
DOMINO'S PIZZA ENTERPRISES L NPV,AU000000DMP0,"16,860.19","324,896",0.02%
DOMINO'S PIZZA INC COM USD0.01,US25754A2015,209.03,"143,726",0.01%
DOORDASH INC - A,US25809K1051,"2,259.24","849,815",0.06%
DOVER CORP COM,US2600031080,910.68,"254,619",0.02%
DOW INC-W/I,US2605571031,"4,442.77","179,514",0.01%
DOWNER EDI LTD DOW,AU000000DOW2,"164,378.26","1,037,227",0.08%
DR HORTON INC COM USD0.01,US23331A1097,"1,821.63","358,350",0.03%
DR ING HC F PORSCHE AG,DE000PAG9113,657.88,"49,422",0.00%
DRAFTKINGS INC-CL A,US26142V1052,"2,797.58","183,090",0.01%
DRONESHIELD LTD,AU000000DRO2,"66,412.81","151,421",0.01%
DSM-FIRMENICH AG,CH1216478797,"1,150.37","185,982",0.01%
DSV A/S DKK1,DK0060079531,"1,298.30","474,402",0.04%
DTE ENERGY COMPANY COM NPV,US2333311072,"1,343.82","271,614",0.02%
DUKE ENERGY CORP NPV,US26441C2044,"4,905.71","883,305",0.07%
DUPONT DE NEMOURS INC,US26614N1028,"2,674.13","279,879",0.02%
DYNATRACE INC DT,US2681501092,"1,717.53","144,694",0.01%
DYNO NOBEL LTD,AU0000390544,"418,876.03","1,126,777",0.08%
E.ON SE EOAN,DE000ENAG999,"13,488.84","377,515",0.03%
EAGERS AUTOMOTIVE LTD,AU000000APE3,"41,703.92","727,733",0.05%
EAST JAPAN RAILWAY CO NPV,JP3783600004,"6,015.56","197,506",0.01%
EBAY INC COM USD0.001,US2786421030,"2,979.14","338,486",0.03%
EBOS GROUP LTD EBO,NZEBOE0001S6,"7,887.65","280,722",0.02%
ECOLAB INC COM,US2788651006,"1,614.15","663,642",0.05%
EDENRED EUR2,FR0010908533,"1,492.14","70,265",0.01%
EDISON INTERNATIONAL COM NPV,US2810201077,"2,359.44","185,774",0.01%
EDP RENOVAVEIS SA EUR5,ES0127797019,"2,557.24","43,400",0.00%
EDP-ENERGIAS DE PORTUGAL SA EUR1,PTEDP0AM0009,"15,356.70","101,279",0.01%
EDWARDS LIFESCIENCES CORP COM STK USD1,US28176E1082,"3,692.42","440,656",0.03%
EIFFAGE EUR4 (POST SUBDIVISION),FR0000130452,311.9,"66,620",0.00%
EISAI CO LTD,JP3160400002,"1,787.47","78,325",0.01%
ELDERS LTD ELD,AU000000ELD6,"46,014.44","289,891",0.02%
ELECTRONIC ARTS INC COM USD0.01,US2855121099,"1,563.96","381,115",0.03%
ELEMENT FINANCIAL CORP ELEMENT FINANCIAL CORP,CA2861812014,"2,145.93","81,856",0.01%
ELEVANCE HEALTH INC ANTM,US0367521038,"1,417.72","841,437",0.06%
ELI LILLY & CO COM STK NPV,US5324571083,"5,106.95","6,074,651",0.45%
ELIA GROUP SA/NV,BE0003822393,273,"47,799",0.00%
ELISA OYJ SER'A'SHS NPV,FI0009007884,722.95,"60,966",0.00%
EMCOR GROUP INC COM STK USD0.01,US29084Q1004,301.96,"246,457",0.02%
EMERA INC COM NPV,CA2908761018,"1,429.41","99,714",0.01%
EMERALD RESOURCES NL,AU000000EMR4,"141,599.80","555,071",0.04%
EMERSON ELECTRIC CO COM USD0.50,US2910111044,"3,591.24","730,633",0.05%
EMPIRE CO LTD 'A' CLASS'A'N/VTG COM NPV,CA2918434077,532.49,"33,650",0.00%
EMS-CHEMIE HOLDING AG-REG CHF0.01(REGD)(POST RECON),CH0016440353,32.79,"37,655",0.00%
ENBRIDGE INC COM NPV,CA29250N1050,"13,601.89","939,268",0.07%
ENDEAVOUR GROUP LTD/AUSTRALI,AU0000154833,"372,480.93","1,493,649",0.11%
ENDESA SA,ES0130670112,"2,347.30","113,057",0.01%
ENEL SPA EUR1,IT0003128367,"52,974.66","764,411",0.06%
ENEOS HOLDINGS INC,JP3386450005,"15,996.34","120,840",0.01%
ENI SPA NPV,IT0003132476,"14,823.30","365,345",0.03%
ENTAIN PLC GVC HOLDINGS PLC,IM00B5VQMV65,"3,489.23","65,737",0.00%
ENTEGRIS INC COM USD0.01,US29362U1043,982.51,"120,911",0.01%
ENTERGY CORP COM USD0.01,US29364G1031,"2,838.94","360,071",0.03%
EOG RESOURCES INC COM USD0.01,US26875P1012,"3,524.55","643,277",0.05%
EPIROC AB-A,SE0015658109,"2,744.52","90,257",0.01%
EPIROC AB-B,SE0015658117,"3,319.29","96,192",0.01%
EQT AB,SE0012853455,"1,871.96","94,680",0.01%
EQT CORP COM STK NPV,US26884L1098,"3,667.22","326,348",0.02%
EQUIFAX INC COM USD1.25,US2944291051,781.2,"309,178",0.02%
EQUINIX INC EQIX,US29444U7000,618.53,"750,778",0.06%
EQUINOR ASA,NO0010096985,"5,528.14","212,641",0.02%
EQUITABLE HOLDINGS INC,US29452E1010,"2,044.82","175,043",0.01%
EQUITY LIFESTYLE PROPERTIES COM USD0.01,US29472R1086,"1,232.71","116,001",0.01%
EQUITY RESIDENTIAL SBI USD0.01,US29476L1070,"2,123.00","218,634",0.02%
ERICSSON LM-B SHS NPV SER'B',SE0000108656,"18,143.24","235,121",0.02%
ERIE INDEMNITY COMPANY-CL A CLASS'A' COM STK NPV,US29530P1021,165.98,"87,832",0.01%
ERSTE GROUP BANK AG NPV,AT0000652011,"1,954.69","253,136",0.02%
ESSENTIAL UTILITIES INC,US29670G1022,"1,725.52","97,789",0.01%
ESSEX PROPERTY TRUST INC COM USD0.0001,US2971781057,423.26,"183,036",0.01%
ESSILORLUXOTTICA EI,FR0000121667,"1,886.11","786,822",0.06%
ESSITY AKTIEBOLAG-B,SE0009922164,"3,507.80","147,147",0.01%
ESTEE LAUDER COMPANIES-CL A CLASS'A'COM USD0.01,US5184391044,"1,429.08","176,196",0.01%
EURAZEO SE,FR0000121121,42.79,"4,641",0.00%
EUROFINS SCIENTIFIC,FR0014000MR3,770.35,"83,398",0.01%
EURONEXT NV ENX,NL0006294274,554.05,"143,997",0.01%
EVEREST GROUP LTD,BMG3223R1088,248.13,"128,673",0.01%
EVERGY INC,US30034W1062,"1,340.18","140,961",0.01%
EVERSOURCE ENERGY ES,US30040W1080,"2,352.95","228,419",0.02%
EVOLUTION AB EVO,SE0012673267,"1,009.52","121,483",0.01%
EVOLUTION MINING LTD,AU000000EVN4,"486,608.10","3,790,677",0.28%
EVONIK INDUSTRIES AG EVONIK INDUSTRIES AG,DE000EVNK013,"1,561.88","48,958",0.00%
EVT LTD,AU000000EVT1,"25,676.81","427,519",0.03%
EXELON CORP COM NPV,US30161N1019,"6,445.97","427,075",0.03%
EXOR NV,NL0012059018,419.24,"64,280",0.00%
EXPAND ENERGY CORP,US1651677353,"1,342.91","239,627",0.02%
EXPEDIA INC COM USD0.001 (POST-SPLIT),US30212P3038,809.19,"208,276",0.02%
EXPEDITORS INTL WASH INC COM USD0.01,US3021301094,911.85,"158,967",0.01%
EXPERIAN PLC ORD USD0.10,GB00B19NLV48,"6,102.25","478,753",0.04%
EXTRA SPACE STORAGE INC COM USD0.01,US30225T1025,"1,345.44","302,696",0.02%
EXXON MOBIL CORP COM NPV,US30231G1022,"27,262.68","4,484,501",0.34%
F5 INC,US3156161024,342.55,"153,839",0.01%
FACTSET RESEARCH SYSTEMS INC COM USD0.01,US3030751057,252.15,"172,096",0.01%
FAIR ISAAC CORP COM USD0.01,US3032501047,155.27,"433,081",0.03%
FAIRFAX FINANCIAL HLDGS LTD FRFHF,CA3039011026,128.51,"353,246",0.03%
FANUC CORP NPV,JP3802400006,"6,151.21","256,024",0.02%
FAST RETAILING CO LTD NPV,JP3802300008,"1,192.12","623,629",0.05%
FASTENAL CO COM USD0.01,US3119001044,"7,030.01","450,539",0.03%
FASTIGHETS AB BALDER-B SHRS,SE0017832488,"2,525.94","28,415",0.00%
FDJ UNITED,FR0013451333,878.87,"52,421",0.00%
FEDEX CORP COM STK USD0.10,US31428X1063,"1,446.42","501,695",0.04%
FERGUSON ENTERPRISES INC,US31488V1070,"1,277.84","424,582",0.03%
FERRARI NV RACE,NL0011585146,810.36,"603,967",0.05%
FERROVIAL SE,NL0015001FS8,"3,257.27","264,063",0.02%
FERROVIAL SE - SCRIP RIGHTS06JUNE25,NL0015002I79,"3,441.11","1,961",0.00%
FIDELITY NATIONAL FINANCIAL FNF GROUP,US31620R3030,"1,749.68","149,671",0.01%
FIDELITY NATIONAL INFO SERV FIS,US31620M1062,"3,387.08","420,756",0.03%
FIFTH THIRD BANCORP COM NPV,US3167731005,"4,220.03","264,851",0.02%
FINECOBANK SPA FINECOBANK SPA,IT0000072170,"4,294.19","144,873",0.01%
FIRST CITIZENS BCSHS  -CL A CLASS'A'COM USD1,US31946M1036,62.86,"187,660",0.01%
FIRST QUANTUM MINERALS LTD COM NPV,CA3359341052,"4,611.80","124,755",0.01%
FIRST SOLAR INC COM STK USD0.001,US3364331070,644.96,"162,916",0.01%
FIRSTENERGY CORP COM USD0.10,US3379321074,"3,453.19","212,139",0.02%
FIRSTSERVICE CORP,CA33767E2024,250.59,"66,592",0.00%
FISERV INC,US3377381088,"3,584.30","942,959",0.07%
FISHER & PAYKEL HEALTHCARE C NPV,NZFAPE0001S2,"49,937.73","1,678,532",0.13%
FLETCHER BUILDING LTD NPV,NZFBUE0001S0,"113,767.49","307,172",0.02%
FLIGHT CENTRE TRAVEL GROUP LTD,AU000000FLT9,"47,296.69","590,263",0.04%
FLUTTER ENTERTAINMENT PLC,IE00BWT6H894,"1,113.23","485,413",0.04%
FORD MOTOR CO,US3453708600,"24,758.30","409,899",0.03%
FORTESCUE LTD,AU000000FMG4,"414,182.75","6,328,712",0.47%
FORTINET INC COM USD0.001,US34959E1091,"4,153.41","670,021",0.05%
FORTIS INC FTS,CA3495531079,"3,317.60","241,226",0.02%
FORTUM OYJ EUR3.40,FI0009007132,"3,084.15","87,781",0.01%
FOX CORP - CLASS A - W/I,US35137L1052,"1,880.66","160,818",0.01%
FOX CORP- CLASS B,US35137L2043,495.21,"39,014",0.00%
FRANCO-NEVADA CORP COM NPV,CA3518581051,"1,167.06","291,782",0.02%
FREEPORT-MCMORAN INC,US35671D8570,"9,085.22","600,968",0.05%
FRESENIUS MEDICAL CARE AG,DE0005785802,"1,258.69","109,683",0.01%
FRESENIUS SE & CO KGAA FRE,DE0005785604,"2,449.97","187,294",0.01%
FUJI ELECTRIC CO LTD,JP3820000002,948.09,"66,643",0.00%
FUJIFILM HOLDINGS CORP NPV,JP3814000000,"6,932.41","230,099",0.02%
FUJIKURA LIMITED SHS,JP3811000003,"1,571.42","125,681",0.01%
FUTU HOLDINGS LTD-ADR,US36118L1061,373.39,"70,416",0.01%
GALAXY ENTERTAINMENT GROUP L,HK0027032686,"14,956.69","101,320",0.01%
GALDERMA GROUP AG,CH1335392721,716.13,"157,872",0.01%
GALP ENERGIA SGPS SA-B SHRS EUR1,PTGAL0AM0009,"2,992.58","83,459",0.01%
GAMING AND LEISURE PROPE-W/I COM USD0.01,US36467J1088,"1,799.68","128,190",0.01%
GARMIN LTD COM CHF10.00,CH0114405324,"1,003.16","319,491",0.02%
GARTNER INC COM STK USD0.0005,US3666511072,494.11,"304,767",0.02%
GDF SUEZ GSZ,FR0010208488,"11,943.58","426,258",0.03%
GE HEALTHCARE TECHNOLOG-W/I,US36266G1076,"2,909.01","328,787",0.02%
GE VERNOVA LLC,US36828A1016,"1,733.96","1,400,056",0.10%
GEA GROUP AG NPV,DE0006602006,"1,100.37","117,075",0.01%
GEBERIT AG-REG CHF0.10(REGD) (POST SUBD),CH0030170408,191.37,"228,915",0.02%
GECINA SA EUR7.50,FR0010040865,210.79,"35,226",0.00%
GEN DIGITAL INC,US6687711084,"3,356.75","150,589",0.01%
GENERAL ELECTRIC CO,US3696043013,"6,742.73","2,648,220",0.20%
GENERAL MILLS INC COM STK USD0.10,US3703341046,"3,475.59","274,770",0.02%
GENERAL MOTORS CO,US37045V1008,"6,135.82","460,737",0.03%
GENERATION DEVELOPMENT GROUP,AU0000005126,"91,119.42","501,157",0.04%
GENESIS MINERALS LTD,AU000000GMD9,"276,227.31","1,187,777",0.09%
GENMAB A/S DKK1 (BEARER),DK0010272202,405.34,"127,969",0.01%
GENTING SINGAPORE LTD GRNS,SGXE21576413,"49,765.05","42,629",0.00%
GENTRACK GROUP LTD GTK,NZGTKE0002S9,"22,434.57","258,671",0.02%
GENUINE PARTS CO COM,US3724601055,910.49,"168,538",0.01%
GETLINK SE,FR0010533075,"1,841.76","54,069",0.00%
GFL ENVIRONMENTAL INC-SUB VT,CA36168Q1046,"1,362.59","104,743",0.01%
GILDAN ACTIVEWEAR INC COM NPV,CA3759161035,"1,077.25","80,834",0.01%
GILEAD SCIENCES INC COM USD0.001,US3755581036,"7,907.84","1,337,823",0.10%
GIVAUDAN-REG CHF10,CH0010645932,59.09,"435,106",0.03%
GJENSIDIGE FORSIKRING ASA NOK2,NO0010582521,448.13,"17,258",0.00%
GLENCORE PLC,JE00B4T3BW64,"65,817.69","390,308",0.03%
GLOBAL PAYMENTS INC COM NPV,US37940X1028,"1,605.52","196,087",0.01%
GODADDY INC - CLASS A GDDY,US3802371076,923.93,"253,854",0.02%
GOLD ROAD RESOURCES LTD NPV,AU000000GOR5,"265,348.73","867,690",0.06%
GOLDMAN SACHS GROUP INC COM STK USD0.01,US38141G1040,"1,970.60","2,128,160",0.16%
GOODMAN GROUP,AU000000GMG2,"496,710.54","17,007,369",1.27%
GPT GROUP NPV (STAPLED SECURITIES),AU000000GPT8,"468,627.97","2,268,159",0.17%
GRAB HOLDINGS LTD - CL A,KYG4124C1096,"14,427.51","110,735",0.01%
GRACO INC COM USD1,US3841091040,"1,191.41","156,291",0.01%
GRAINCORP LTD-A,AU000000GNC9,"53,768.86","418,322",0.03%
GREAT-WEST LIFECO INC COM,CA39138C1068,"1,948.91","112,873",0.01%
GRIFOLS SA GRF,ES0171996087,"1,522.07","28,217",0.00%
GROUPE BRUXELLES LAMBERT SA GROUPE BRUXELLES LAMBERT SA,BE0003797140,920.62,"119,222",0.01%
GSK PLC,GB00BN7SWP63,"26,281.28","763,870",0.06%
GUZMAN Y GOMEZ LTD,AU0000336679,"11,345.66","320,969",0.02%
HALEON PLC,GB00BMX86B70,"55,452.68","434,127",0.03%
HALLIBURTON CO COM STK USD2.50,US4062161017,"5,533.79","172,089",0.01%
HALMA PLC ORD GBP0.10,GB0004052071,"2,096.58","140,287",0.01%
HANG SENG BANK,HK0011000095,"4,077.17","93,202",0.01%
HANKYU HANSHIN HOLDINGS INC,JP3774200004,"1,794.23","74,300",0.01%
HANNOVER RUECK SE,DE0008402215,373.39,"178,706",0.01%
HARTFORD INSURANCE GROUP INC,US4165151048,"1,855.59","359,226",0.03%
HARVEY NORMAN HOLDINGS LTD NPV,AU000000HVN7,"152,513.85","803,748",0.06%
HCA HEALTHCARE INC,US40412C1018,"1,160.50","678,397",0.05%
HEALTHPEAK PROPERTIES INC,US42250P1030,"4,538.81","121,270",0.01%
HEIDELBERG MATERIALS AG,DE0006047004,838.6,"299,592",0.02%
HEINEKEN HOLDING NV EUR1.60,NL0000008977,690.94,"78,278",0.01%
HEINEKEN NV EUR1.60,NL0000009165,"1,765.59","234,087",0.02%
HELIA GROUP LTD,AU0000251498,"67,326.23","379,047",0.03%
HELVETIA HOLDING AG-REG,CH0466642201,231.96,"82,750",0.01%
HENDERSON LAND DEVELOPMENT HKD2,HK0012000102,"5,325.86","28,418",0.00%
HENKEL AG & CO KGAA NPV(BR),DE0006048408,"1,038.22","114,368",0.01%
HENKEL AG & CO KGAA VORZUG NON-VTG PRF NPV,DE0006048432,752.82,"89,887",0.01%
HENNES & MAURITZ AB-B SHS SER'B'NPV,SE0000106270,"3,860.41","82,143",0.01%
HERMES INTERNATIONAL NPV,FR0000052292,199.68,"822,280",0.06%
HERSHEY CO/THE COM USD1,US4278661081,947.18,"239,848",0.02%
HESS CORP COM USD1,US42809H1077,"1,812.02","383,058",0.03%
HEWLETT PACKARD ENTERPRIS-WI HPE-W,US42824C1099,"8,516.11","265,743",0.02%
HEXAGON AB-B SHS,SE0015961909,"13,768.65","209,778",0.02%
HIKARI TSUSHIN INC NPV,JP3783420007,54.74,"24,612",0.00%
HIKMA PHARMACEUTICALS PLC,GB00B0LCW083,671.13,"27,899",0.00%
HILTON WORLDWIDE HOLDINGS IN HLT-W,US43300A2033,"1,545.90","628,269",0.05%
HITACHI LTD NPV,JP3788600009,"29,031.65","1,289,620",0.10%
HKT TRUST AND HKT LTD SHARE STAPLED UNIT,HK0000093390,"27,137.29","61,823",0.00%
HMC CAPITAL LTD,AU0000058943,"73,197.36","373,307",0.03%
HOLCIM LTD LHN,CH0012214059,"3,379.74","381,603",0.03%
HOLMEN AB-B SHARES,SE0011090018,744.18,"44,705",0.00%
HOLOGIC INC COM USD0.01,US4364401012,"1,423.63","141,548",0.01%
HOME DEPOT INC COM USD0.05,US4370761029,"6,253.88","3,498,775",0.26%
HOMECO DAILY NEEDS REIT,AU0000113136,"438,565.40","550,400",0.04%
HONDA MOTOR CO LTD NPV,JP3854600008,"26,847.93","395,506",0.03%
HONG KONG & CHINA GAS HKD0.25,HK0003000038,"58,411.50","74,824",0.01%
HONG KONG EXCHANGES & CLEAR HKD1,HK0388045442,"7,712.64","627,868",0.05%
HONGKONG LAND HOLDINGS LTD HKHGF,BMG4587L1090,"8,355.84","73,569",0.01%
HORMEL FOODS CORP COM USD0.0586,US4404521001,"1,991.31","91,916",0.01%
HOSHIZAKI CORPORATION,JP3845770001,429.24,"22,563",0.00%
HOWMET AEROSPACE INC,US4432011082,"2,475.23","703,004",0.05%
HOYA CORP NPV,JP3837800006,"2,213.85","401,202",0.03%
HP INC HPQ,US40434L1052,"6,078.16","226,859",0.02%
HSBC HOLDINGS PLC ORD USD0.50(UK REG),GB0005405286,"112,390.16","2,072,319",0.16%
HUB24 LTD,AU000000HUB4,"19,863.99","1,771,272",0.13%
HUBBELL INC -CL B,US4435106079,333.39,"207,766",0.02%
HUBSPOT INC HUBS,US4435731009,312.28,"265,243",0.02%
HULIC CO LTD,JP3360800001,"4,062.04","62,328",0.00%
HUMANA INC COM USD0.166,US4448591028,760.29,"283,628",0.02%
HUNT JB COM USD0.01,US4456581077,541,"118,543",0.01%
HUNTINGTON BANCSHARES INC COM STK NPV,US4461501045,"9,549.40","244,217",0.02%
HYATT HOTELS CORP - CL A COM USD0.01 CLASS 'A',US4485791028,313.45,"66,795",0.01%
HYDRO ONE LTD H,CA4488112083,"1,853.51","101,710",0.01%
IA FINANCIAL CORP INC,CA45075E1043,414.5,"69,200",0.01%
IBERDROLA SA EUR0.75,ES0144580Y14,"37,135.47","1,083,551",0.08%
IDEMITSU KOSAN CO LTD NPV,JP3142500002,"4,190.75","38,737",0.00%
IDEX CORP USD0.01,US45167R1041,405.34,"108,592",0.01%
IDEXX LABORATORIES INC COM USD0.10,US45168D1046,513.46,"420,218",0.03%
IDP EDUCATION LTD IEL,AU000000IEL5,"67,695.38","248,442",0.02%
IGM FINANCIAL INC COM NPV,CA4495861060,501.19,"24,112",0.00%
IGO LTD,AU000000IGO4,"163,915.15","683,526",0.05%
IHI CORP NPV,JP3134800006,876.66,"144,841",0.01%
ILLINOIS TOOL WORKS COM NPV,US4523081093,"1,755.46","662,298",0.05%
ILLUMINA INC COM USD0.01,US4523271090,"1,020.43","148,561",0.01%
ILUKA RESOURCES LIMITED NPV,AU000000ILU1,"104,113.66","395,632",0.03%
IMCD NV IMCD,NL0010801007,379.95,"77,618",0.01%
IMDEX LIMITED NPV,AU000000IMD5,"125,481.57","341,310",0.03%
IMPERIAL BRANDS PLC,GB0004544929,"5,287.87","318,111",0.02%
IMPERIAL OIL LTD COM NPV,CA4530384086,"1,230.37","148,846",0.01%
INCYTE CORP COM USD0.001,US45337C1027,"1,098.48","114,148",0.01%
INDUSTRIA DE DISENO TEXTIL ITX,ES0148396007,"6,920.14","547,621",0.04%
INDUSTRIVARDEN AB-A SHS INDUA,SE0000190126,801.85,"44,061",0.00%
INDUSTRIVARDEN AB-C SHS SER'C'NPV,SE0000107203,"1,457.46","79,736",0.01%
INDUTRADE AB NPV,SE0001515552,"1,518.70","62,783",0.00%
INFINEON TECHNOLOGIES AG,DE0006231004,"8,348.70","540,065",0.04%
INFORMA PLC INFORMA PLC,GB00BMJ6DW54,"9,059.44","152,647",0.01%
INFRASTRUTTURE WIRELESS ITAL INW,IT0005090300,"2,186.58","40,654",0.00%
INFRATIL LTD,NZIFTE0003S3,"6,309.53","61,952",0.00%
INFRATIL LTD IFT,NZIFTE0003S3,"26,322.15","257,694",0.02%
ING GROEP NV-CVA,NL0011821202,"20,568.66","686,222",0.05%
INGENIA COMMUNITIES GROUP NPV (UNITS),AU000000INA9,"91,177.41","498,740",0.04%
INGERSOLL-RAND INC,US45687V1061,"2,624.58","333,124",0.02%
INGHAMS GROUP LTD ING,AU000000ING6,"90,319.15","320,633",0.02%
INPEX CORP NPV,JP3294460005,"5,936.46","126,992",0.01%
INPOST SA,LU2290522684,"1,047.38","26,452",0.00%
INSULET CORP COM STK USD0.001,US45784P1012,445.34,"213,501",0.02%
INSURANCE AUSTRALIA GROUP SHS,AU000000IAG3,"578,532.98","5,224,153",0.39%
INTACT FINANCIAL CORP INTACT FINANCIAL CORP,CA45823T1066,"1,167.64","413,469",0.03%
INTEL CORP,US4581401001,"27,527.24","940,887",0.07%
INTERACTIVE BROKERS GRO-CL A COM STK CLASS 'A' USD0.01,US45841N1072,"2,861.67","241,955",0.02%
INTERCONTINENTAL EXCHANGE IN INTERCONTINENTALEXCHANGE INC,US45866F1049,"3,638.00","1,018,484",0.08%
INTERCONTINENTAL HOTELS GROU,GB00BHJYC057,"1,027.38","178,392",0.01%
INTERNATIONAL PAPER CO COM USD1,US4601461035,"3,229.93","230,804",0.02%
INTERTEK GROUP PLC ORD GBP0.01,GB0031638363,"1,019.33","101,030",0.01%
INTESA SANPAOLO EUR0.52,IT0000072618,"98,354.41","861,738",0.06%
INTL BUSINESS MACHINES CORP COM USD0.20,US4592001014,"5,855.68","2,633,918",0.20%
INTL CONSOLIDATED AIRLINE-DI ORD EUR0.50,ES0177542018,"5,236.44","37,386",0.00%
INTL FLAVORS & FRAGRANCES IFF,US4595061015,"1,581.04","177,440",0.01%
INTUIT INC,US4612021034,"1,762.08","2,117,751",0.16%
INTUITIVE SURGICAL INC COM USD0.001,US46120E6023,"2,263.40","1,876,790",0.14%
INVESTMENT AB LATOUR-B SHS,SE0010100958,589.96,"23,539",0.00%
INVESTOR AB-B SHS,SE0015811963,"11,226.15","502,823",0.04%
INVITATION HOMES INC,US46187W1071,"3,732.35","186,803",0.01%
IPH LTD IPH,AU000000IPH9,"60,273.02","276,050",0.02%
IPSEN EUR1,FR0010259150,126.17,"22,849",0.00%
IQVIA HOLDINGS INC,US46266C1053,"1,132.77","272,394",0.02%
IRESS LTD NPV,AU000000IRE2,"45,402.06","363,217",0.03%
IRON MOUNTAIN INC IRM,US46284V1017,"1,885.07","295,036",0.02%
ISRAEL DISCOUNT BANK-A ILS0.10 SER'A',IL0006912120,"6,201.02","94,298",0.01%
ISUZU MOTORS LTD NPV,JP3137200006,"3,437.60","66,474",0.00%
ITOCHU CORP NPV,JP3143600009,"7,479.77","597,041",0.04%
IVANHOE MINES LTD-CL A IVN,CA46579R1047,"5,053.44","57,812",0.00%
JABIL INC,US4663131039,707.69,"235,519",0.02%
JACK HENRY & ASSOCIATES INC COM USD0.01,US4262811015,479.3,"131,771",0.01%
JAMES HARDIE INDUSTRIES PLC,AU000000JHX1,"105,133.99","4,384,087",0.33%
JAPAN AIRLINES CO LTD NPV,JP3705200008,"1,660.71","51,605",0.00%
JAPAN EXCHANGE GROUP INC NPV,JP3183200009,"5,279.04","81,448",0.01%
JAPAN POST BANK CO LTD 7182,JP3946750001,"10,395.27","170,762",0.01%
JAPAN POST HOLDINGS CO LTD 6178,JP3752900005,"11,458.43","161,657",0.01%
JAPAN POST INSURANCE CO LTD 7181,JP3233250004,525.99,"18,120",0.00%
JAPAN TOBACCO INC NPV,JP3726800000,"7,363.86","330,456",0.02%
JARDINE MATHESON HLDGS LTD ORD USD0.25,BMG507361001,989.58,"72,571",0.01%
JB HI-FI LTD NPV,AU000000JBH7,"26,746.14","2,951,436",0.22%
JD SPORTS FASHION,GB00BM8Q5M07,"9,218.28","17,105",0.00%
JDE PEET'S BV JDEP,NL0014332678,"1,467.59","63,720",0.00%
JERONIMO MARTINS EUR1.,PTJMT0AE0001,"2,084.89","80,215",0.01%
JFE HOLDINGS INC NPV,JP3386030005,"3,723.98","65,973",0.00%
JM SMUCKER CO/THE COM NPV,US8326964058,692.69,"103,795",0.01%
JOHNSON & JOHNSON COM STK USD1,US4781601046,"15,324.69","3,571,902",0.27%
JOHNSON CONTROLS INTERNATION,IE00BY7QL619,"4,222.83","680,575",0.05%
JPMORGAN CHASE & CO COM USD1,US46625H1005,"17,693.61","7,827,199",0.59%
JUDO CAPITAL HOLDINGS LTD,AU0000182271,"271,692.20","425,198",0.03%
JULIUS BAER GROUP LTD CHF0.02 (REGD),CH0102484968,"1,341.09","137,899",0.01%
JUNIPER NETWORKS INC COM USD0.00001,US48203R1041,"2,093.00","127,525",0.01%
KAJIMA CORP,JP3210200006,"2,906.93","115,556",0.01%
KANSAI ELECTRIC POWER CO INC NPV,JP3228600007,"5,220.72","94,253",0.01%
KAO CORP,JP3205800000,"2,957.65","201,744",0.02%
KAROON ENERGY LTD,AU000000KAR6,"189,371.99","363,594",0.03%
KAWASAKI KISEN KAISHA LTD NPV,JP3223800008,"2,370.03","51,175",0.00%
KBC GROEP NV NPV,BE0003565737,"1,579.87","248,063",0.02%
KDDI CORP,JP3496400007,"19,261.14","504,612",0.04%
KELLANOVA,US4878361082,"1,731.89","210,173",0.02%
KENVUE INC,US49177J1025,"12,096.45","386,326",0.03%
KEPPEL LTD,SG1U68934629,"9,113.80","81,018",0.01%
KERING EUR4,FR0000121485,476.32,"157,461",0.01%
KERRY GROUP PLC-A 'A'ORD EUR0.125,IE0004906560,"1,058.16","174,969",0.01%
KESKO OYJ-B SHS EUR2 SER'B',FI0009000202,"2,486.79","93,273",0.01%
KEURIG DR PEPPER INC,US49271V1008,"8,319.54","419,690",0.03%
KEYCORP COM USD1,US4932671088,"5,989.13","159,198",0.01%
KEYENCE CORP NPV,JP3236200006,"1,237.91","756,380",0.06%
KEYERA CORP COM NPV,CA4932711001,"1,760.20","87,673",0.01%
KEYSIGHT TECHNOLOGIES IN KEYS-W,US49338L1035,"1,119.91","280,017",0.02%
KIKKOMAN CORPORATION KIKKOMAN CORPORATION,JP3240400006,"4,206.33","59,454",0.00%
KIMBERLY-CLARK CORP COM USD1.25,US4943681035,"2,085.41","410,240",0.03%
KIMCO REALTY CORP COM USD0.01,US49446R1095,"4,228.80","135,637",0.01%
KINDER MORGAN INC COM USD0.01,US49456B1017,"12,906.15","578,990",0.04%
KINGFISHER PLC ORD GBP0.157142857,GB0033195214,"11,086.54","67,414",0.01%
KINGSPAN GROUP PLC ORD EUR0.13,IE0004927939,892.83,"124,219",0.01%
KINROSS GOLD CORP COM NPV,CA4969024047,"7,660.43","182,296",0.01%
KIRIN HOLDINGS COMPANY LIMITED NPV,JP3258000003,"4,231.14","90,266",0.01%
KKR & CO INC,US48251W1045,"3,964.18","804,692",0.06%
KLA-TENCOR CORPORATION COM USD0.001,US4824801009,838.28,"1,145,770",0.09%
KLEPIERRE EUR1.40,FR0000121964,"1,492.33","89,386",0.01%
KNORR-BREMSE AG,DE000KBX1006,289.43,"42,536",0.00%
KOBE BUSSAN CO LTD 3038,JP3291200008,814.32,"38,521",0.00%
KONAMI GROUP CORP,JP3300200007,673.27,"162,269",0.01%
KONE OYJ-B NPV ORD 'B',FI0009013403,"2,004.23","200,606",0.02%
KONINKLIJKE AHOLD DELHAIZE NV,NL0011794037,"5,961.86","379,096",0.03%
KONINKLIJKE KPN NV KPN,NL0000009082,"25,482.75","188,784",0.01%
KONINKLIJKE PHILIPS NV EUR0.20,NL0000009538,"5,568.40","203,569",0.02%
KRAFT HEINZ CO/THE KHC,US5007541064,"5,660.03","222,998",0.02%
KROGER CO COM USD1,US5010441013,"3,999.57","437,765",0.03%
KUBOTA CORP,JP3266400005,"6,588.44","112,891",0.01%
KUEHNE & NAGEL INTL AG-REG CHF1(REGD)(POST-SUBD),CH0025238863,330.08,"108,611",0.01%
KYOCERA CORP ORD,JP3249600002,"8,366.56","153,213",0.01%
KYOWA KIRIN CO LTD,JP3256000005,"1,800.14","46,885",0.00%
L'OREAL EUR0.20,FR0000120321,"1,524.47","991,484",0.07%
LABCORP HOLDINGS INC,US5049221055,527.23,"211,189",0.02%
LAM RESEARCH CORP,US5128073062,"8,098.69","1,202,909",0.09%
LAND SECURITIES GROUP PLC,GB00BYW0PQ60,"3,194.02","42,143",0.00%
LAS VEGAS SANDS CORP COM USD0.001,US5178341070,"2,190.09","145,404",0.01%
LASERTEC CORP NPV,JP3979200007,521.77,"106,987",0.01%
LEG IMMOBILIEN AG NPV,DE000LEG1110,497.49,"67,144",0.01%
LEGAL & GENERAL GROUP PLC ORD GBP0.025,GB0005603997,"34,008.79","181,054",0.01%
LEGRAND SA EUR4,FR0010307819,"1,760.20","357,847",0.03%
LENDLEASE GROUP,AU000000LLC3,"160,460.31","863,276",0.06%
LENNAR CORP COM,US5260571048,"1,508.83","254,660",0.02%
LENNOX INTERNATIONAL INC COM USD0.01,US5261071071,188.97,"165,292",0.01%
LIBERTY MEDIA CORP-LIB-NEW-C,US5312297550,"1,361.61","217,118",0.02%
LIFCO AB-B SHS,SE0015949201,"1,689.22","103,532",0.01%
LIFE360 INC-CDI,AU0000045098,"56,194.14","1,808,328",0.14%
LIFESTYLE COMMUNITIES LTD NPV,AU000000LIC9,"27,793.92","194,557",0.01%
LIGHT & WONDER INC-CDI,AU0000278103,"6,807.31","1,003,534",0.08%
LINDE PLC,IE000S9YS762,"2,976.80","2,131,162",0.16%
LINDT & SPRUENGLI AG-PC PTG CERT CHF10,CH0010570767,8.05,"206,069",0.02%
LINK REIT NPV,HK0823032773,"17,377.24","141,532",0.01%
LIONTOWN RESOURCES LTD,AU000000LTR4,"400,826.81","280,579",0.02%
LIVE NATION ENTERTAINMENT IN COM STK USD0.01,US5380341090,936.72,"216,232",0.02%
LKQ CORP COM USD0.01,US5018892084,"1,761.69","99,489",0.01%
LLOYDS BANKING GROUP PLC ORD GBP0.1,GB0008706128,"382,569.31","613,569",0.05%
LOBLAW COMPANIES LTD COM,CA5394811015,997.64,"251,299",0.02%
LOEWS CORP COM USD0.01,US5404241086,"1,168.23","163,393",0.01%
LOGITECH INTERNATIONAL-REG CHF0.25(REGD),CH0025751329,"1,048.29","143,561",0.01%
LONDON STOCK EXCHANGE GROUP ORD GBP0.06918604,GB00B0SWJX34,"3,038.69","675,744",0.05%
LONZA GROUP AG-REG CHF1.00 (REGD),CH0013841017,465.67,"504,357",0.04%
LOTTERY CORP/THE,AU0000219529,"544,474.23","2,902,048",0.22%
LOTUS BAKERIES,BE0003604155,1.1,"16,155",0.00%
LOVISA HOLDINGS LTD LOV,AU000000LOV7,"16,420.81","520,211",0.04%
LOWE'S COS INC COM USD0.50,US5486611073,"3,522.93","1,192,695",0.09%
LPL FINANCIAL HOLDINGS INC LPL FINANCIAL HOLDINGS INC,US50212V1008,502.1,"287,284",0.02%
LULULEMON ATHLETICA INC COM STK USD0.01,US5500211090,698.66,"253,282",0.02%
LUNDBERGS AB-B SHS SER'B'NPV,SE0000108847,"1,067.25","80,585",0.01%
LUNDIN GOLD INC,CA5503711080,575.02,"46,235",0.00%
LUNDIN MINING CORP COM NPV,CA5503721063,"4,657.19","74,580",0.01%
LVMH MOET HENNESSY LOUIS VUI EUR0.30,FR0000121014,"1,743.70","1,388,614",0.10%
LY CORPORATION,JP3933800009,"15,197.09","85,151",0.01%
LYNAS RARE EARTHS LTD,AU000000LYC6,"212,684.18","1,831,211",0.14%
LYONDELLBASELL INDU-CL A COM USD0.01 CLASS 'A',NL0009434992,"1,590.45","140,419",0.01%
M & T BANK CORP COM,US55261F1049,988.61,"292,638",0.02%
M&G PLC MNG,GB00BKFB1C65,"9,965.19","53,552",0.00%
M3 INC,JP3435750009,"3,049.92","63,971",0.00%
MACQUARIE GROUP LTD,AU000000MQG1,"86,687.26","19,827,977",1.48%
MACQUARIE TECHNOLOGY GROUP LTD,AU000000MAQ4,"3,732.64","248,370",0.02%
MAGELLAN FINANCIAL GROUP LTD NPV,AU000000MFG4,"39,980.51","342,233",0.03%
MAGNA INTERNATIONAL INC-CL A CLASS'A'SUB-VTG COM NPV,CA5592224011,"1,849.42","108,869",0.01%
MAKITA CORP SHS,JP3862400003,"1,658.18","78,003",0.01%
MANULIFE FINANCIAL CORP COM NPV,CA56501R1064,"11,167.64","543,755",0.04%
MARATHON PETROLEUM CORP COM USD0.01,US56585A1025,"1,991.96","504,898",0.04%
MARKEL CORP COM NPV,US5705351048,76.5,"233,144",0.02%
MARKS & SPENCER GROUP PLC ORD GBP0.25,GB0031274896,"11,341.16","84,044",0.01%
MARRIOTT INTERNATIONAL -CL A,US5719032022,"1,496.23","623,765",0.05%
MARSH & MCLENNAN COS COM USD1,US5717481023,"3,104.73","1,035,811",0.08%
MARTIN MARIETTA MATERIALS COM USD0.01,US5732841060,392.48,"328,767",0.02%
MARUBENI CORP,JP3877600001,"9,161.92","281,936",0.02%
MARVELL TECHNOLOGY INC,US5738741041,"5,488.40","648,206",0.05%
MASCO CORP COM USD1,US5745991068,"1,455.12","142,903",0.01%
MASTERCARD INC-CLASS A COM USD0.0001 CLASS 'A',US57636Q1040,"5,142.41","4,409,437",0.33%
MATSUKIYOCOCOKARA & CO,JP3869010003,"1,896.18","59,442",0.00%
MCCORMICK & CO-NON VTG SHRS COM N/VTG NPV,US5797802064,"1,563.24","180,858",0.01%
MCDONALD'S CORP COM USD0.01,US5801351017,"4,502.45","2,007,294",0.15%
MCKESSON CORP COM USD0.01,US58155Q1031,789.06,"882,284",0.07%
MEDIBANK PRIVATE LTD MPL,AU000000MPL3,"673,667.14","3,402,019",0.25%
MEDIOBANCA SPA EUR0.5,IT0000062957,"2,624.00","92,756",0.01%
MEDTRONIC PLC MDT,IE00BTN1Y115,"8,285.26","1,102,046",0.08%
MEGAPORT LIMITED,AU000000MP15,"38,924.63","562,072",0.04%
MEIJI HOLDINGS CO LTD NPV,JP3918000005,"1,547.33","52,094",0.00%
MELROSE INDUSTRIES PLC,GB00BNGDN821,"8,917.68","98,979",0.01%
MERCADOLIBRE INC COM STK USD0.001,US58733R1023,288.78,"1,151,686",0.09%
MERCEDES-BENZ GROUP AG,DE0007100000,"4,710.64","419,264",0.03%
MERCK & CO. INC. COM USD0.50,US58933Y1055,"15,853.47","1,914,948",0.14%
MERCK KGAA MRK,DE0006599905,819.97,"161,558",0.01%
MERIDIAN ENERGY LTD,NZMELE0002S7,"6,244.92","34,130",0.00%
MESOBLAST LTD NPV,AU000000MSB8,"238,497.95","394,714",0.03%
META PLATFORMS INC-CLASS A FB,US30303M1027,"13,862.88","15,613,109",1.17%
METCASH LTD NPV,AU000000MTS0,"268,905.94","1,051,422",0.08%
METLIFE INC COM USD0.01,US59156R1086,"3,718.13","456,263",0.03%
METRO INC/CN MTRAF,CA59162N1096,"1,233.36","147,538",0.01%
METSO OUTOTEC OYJ,FI0009014575,"3,532.93","69,483",0.01%
METTLER-TOLEDO INTERNATIONAL COM USD0.01,US5926881054,133.9,"240,019",0.02%
MICHELIN (CGDE),FR001400AJ45,"3,805.41","214,982",0.02%
MICROCHIP TECHNOLOGY INC COM USD0.001,US5950171042,"3,398.25","364,896",0.03%
MICRON TECHNOLOGY INC,US5951121038,"7,058.72","1,327,515",0.10%
MICROSOFT CORP COM USD0.00000625,US5949181045,"44,698.88","33,926,408",2.54%
MICROSTRATEGY INC-CL A,US5949724083,"1,572.92","970,200",0.07%
MID-AMERICA APARTMENT COMM COM STK USD0.01,US59522J1034,775.74,"175,201",0.01%
MINEBEA MITSUMI INC,JP3906000009,"2,726.40","60,958",0.00%
MINERAL RESOURCES LTD NPV,AU000000MIN4,"42,824.44","923,295",0.07%
MIRVAC GROUP STAPLED SECURITIES,AU000000MGR9,"965,323.12","2,123,711",0.16%
MITSUBISHI CHEMICAL GROUP CO,JP3897700005,"7,678.16","61,482",0.00%
MITSUBISHI CORP ORD,JP3898400001,"21,731.89","663,008",0.05%
MITSUBISHI ELECTRIC CORP NPV,JP3902400005,"12,016.51","394,914",0.03%
MITSUBISHI ESTATE CO LTD NPV,JP3899600005,"7,016.51","200,351",0.02%
MITSUBISHI HC CAPITAL INC,JP3499800005,"3,675.08","41,172",0.00%
MITSUBISHI HEAVY INDS LTD,JP3900000005,"20,051.43","764,675",0.06%
MITSUBISHI UFJ FINANCIAL GRO NPV,JP3902900004,"71,841.56","1,504,952",0.11%
MITSUI & CO LTD ORD,JP3893600001,"15,718.79","489,354",0.04%
MITSUI FUDOSAN CO LTD NPV,JP3893200000,"17,200.86","253,483",0.02%
MITSUI OSK LINES LTD NPV,JP3362700001,"1,906.96","97,098",0.01%
MIZRAHI TEFAHOT BANK LTD ILS0.01,IL0006954379,"1,493.82","148,577",0.01%
MIZUHO FINANCIAL GROUP INC,JP3885780001,"15,220.27","642,016",0.05%
MOLINA HEALTHCARE INC COM USD0.001,US60855R1005,348.46,"158,396",0.01%
MOLSON COORS BEVERAGE CO,US60871R2094,"1,112.25","81,618",0.01%
MONADELPHOUS GROUP LIMITED NPV,AU000000MND5,"24,200.26","424,957",0.03%
MONCLER SPA NPV,IT0004965148,"1,351.55","117,146",0.01%
MONDAY.COM LTD,IL0011762130,252.22,"121,031",0.01%
MONDELEZ INTERNATIONAL INC,US6092071058,"8,181.68","841,951",0.06%
MONDI PLC,GB00BMWC6P49,"2,941.09","73,153",0.01%
MONGODB INC MDB,US60937P1066,471.58,"151,105",0.01%
MONOLITHIC POWER SYSTEMS INC COM STK USD0.001,US6098391054,301.51,"336,484",0.03%
MONOTARO CO LTD MONOTARO CO,JP3922950005,"1,383.11","41,568",0.00%
MONSTER BEVERAGE CORP MNST,US61174X1090,"4,695.25","448,784",0.03%
MOODY'S CORP COM USD0.01,US6153691059,"1,033.61","791,103",0.06%
MORGAN STANLEY COM STK USD0.01,US6174464486,"7,671.92","1,648,992",0.12%
MOTOROLA SOLUTIONS INC COM USD0.01,US6200763075,"1,053.74","676,061",0.05%
MOWI ASA,NO0003054108,"2,893.23","84,895",0.01%
MS&AD INSURANCE GROUP HOLDIN NPV,JP3890310000,"8,279.02","282,492",0.02%
MSCI INC-A COM STK USS0.01,US55354G1004,496.38,"436,841",0.03%
MTR CORP,HK0066009694,"10,162.73","55,708",0.00%
MTU AERO ENGINES AG,DE000A0D9PT0,339.3,"229,242",0.02%
MUENCHENER RUECKVER AG-REG NPV(REGD),DE0008430026,855.16,"843,382",0.06%
MURATA MANUFACTURING CO LTD NPV,JP3914400001,"10,771.46","245,101",0.02%
NANOSONICS LTD NPV,AU000000NAN9,"68,032.63","275,532",0.02%
NASDAQ INC,US6311031081,"2,740.50","373,930",0.03%
NATERA INC NTRA,US6323071042,836.33,"215,594",0.02%
NATIONAL AUSTRALIA BANK LTD NPV,AU000000NAB4,"750,913.34","29,555,949",2.21%
NATIONAL BANK OF CANADA COM NPV,CA6330671034,"2,304.83","362,185",0.03%
NATIONAL GRID PLC NG/LN,GB00BDR05C01,"31,968.78","709,585",0.05%
NATIONAL STORAGE REIT REIT UNITS,AU000000NSR2,"338,274.53","778,031",0.06%
NATWEST GROUP PLC,GB00BM8PJY71,"48,701.90","520,793",0.04%
NEC CORP NPV,JP3733000008,"7,939.92","353,875",0.03%
NEMETSCHEK SE,DE0006452907,420.54,"92,650",0.01%
NESTE OIL OYJ NPV,FI0009013296,"2,167.68","44,729",0.00%
NESTLE SA-REG CHF0.10 (REGD),CH0038863350,"16,546.16","2,500,359",0.19%
NETAPP INC COM USD0.001,US64110D1046,"1,297.39","210,936",0.02%
NETFLIX INC COM USD0.001,US64110L1061,"2,701.53","5,520,264",0.41%
NETWEALTH GROUP LTD NWL,AU000000NWL7,"30,561.96","1,026,576",0.08%
NEUREN PHARMACEUTICALS LTD NEU,NZNEUE0001S8,"31,620.19","446,161",0.03%
NEUROCRINE BIOSCIENCES INC COM USD0.001,US64125C1099,582.75,"111,766",0.01%
NEW HOPE CORP LTD NPV,AU000000NHC7,"125,382.68","463,916",0.03%
NEWMONT CORP,US6516391066,774.77,"68,759",0.01%
NEWMONT CORP NEM,US6516391066,"6,355.12","564,964",0.04%
NEWMONT CORP-CDI,AU0000297962,"27,559.13","2,406,188",0.18%
NEWS CORP - CLASS A NEWS CORP/NEW-CL A-W/I,US65249B1098,"2,682.51","121,651",0.01%
NEWS CORP - CLASS B- CDI,AU000000NWS2,"9,453.05","490,613",0.04%
NEXI SPA NEXI,IT0005366767,"1,573.18","14,298",0.00%
NEXON CO LTD NPV,JP3758190007,"2,174.89","66,858",0.01%
NEXT PLC ORD GBP0.10,GB0032089863,760.87,"197,921",0.01%
NEXTDC LTD NPV,AU000000NXT8,"156,898.72","2,275,031",0.17%
NEXTERA ENERGY INC COM USD0.01,US65339F1012,"12,981.61","1,375,118",0.10%
NIB HOLDINGS LTD NPV,AU000000NHF0,"118,997.82","842,505",0.06%
NIBE INDUSTRIER AB-B SHS,SE0015988019,"9,878.05","63,800",0.00%
NICE LTD,IL0002730112,425.21,"110,113",0.01%
NICK SCALI LTD NPV,AU000000NCK1,"18,093.60","329,485",0.02%
NICKEL INDUSTRIES LTD,AU0000018236,"510,938.11","355,102",0.03%
NIDEC CORP NPV,JP3734800000,"5,165.14","153,052",0.01%
NIKE INC -CL B CLASS'B'COM NPV,US6541061031,"7,427.82","805,177",0.06%
NINE ENTERTAINMENT CO HOLDIN NPV,AU000000NEC4,"323,903.04","526,342",0.04%
NINTENDO CO LTD NPV,JP3756600007,"7,011.96","1,028,142",0.08%
NIPPON BUILDING FUND INC REIT,JP3027670003,48.38,"67,921",0.01%
NIPPON PAINT HOLDINGS CO LTD,JP3749400002,"6,572.59","80,541",0.01%
NIPPON SANSO HOLDINGS CORP,JP3711600001,"1,026.01","59,212",0.00%
NIPPON STEEL CORP,JP3381000003,"5,751.91","166,064",0.01%
NIPPON TELEGRAPH & TELEPHONE NPV,JP3735400008,"188,737.87","307,046",0.02%
NIPPON YUSEN KK,JP3753000003,"2,870.18","157,301",0.01%
NISOURCE INC COM NPV,US65473P1057,"2,559.58","157,555",0.01%
NISSAN MOTOR CO LTD,JP3672400003,"14,518.10","53,709",0.00%
NISSIN FOODS HOLDINGS CO LTD,JP3675600005,"1,506.55","47,674",0.00%
NITORI CO LTD NPV,JP3756100008,453,"66,614",0.00%
NITTO DENKO CORP,JP3684000007,"4,036.52","119,033",0.01%
NMC HEALTH PLC ORD GBP0.10,GB00B7FC0762,265.85,"5,217",0.00%
NN GROUP NV NN GROUP NV - W/I,NL0010773842,"1,996.64","201,777",0.02%
NOKIA OYJ NPV,FI0009000681,"33,603.52","265,197",0.02%
NOMURA HOLDINGS INC NPV,JP3762600009,"17,222.75","173,206",0.01%
NOMURA RESEARCH INSTITUTE,JP3762800005,"2,537.63","155,026",0.01%
NORDEA BANK ABP NDA,FI4000297767,"20,572.42","464,665",0.03%
NORDSON CORP COM NPV,US6556631025,306.12,"100,133",0.01%
NORFOLK SOUTHERN CORP COM USD1,US6558441084,"1,436.68","561,146",0.04%
NORSK HYDRO ASA NOK1.098,NO0005052605,"9,692.33","84,092",0.01%
NORTHERN STAR RESOURCES LTD,AU000000NST8,"339,111.33","6,290,515",0.47%
NORTHERN TRUST CORP COM USD1.666,US6658591044,"1,319.40","255,264",0.02%
NOVARTIS AG-REG CHF0.50 (REGD),CH0012005267,"12,014.30","2,214,887",0.17%
NOVO NORDISK A/S-B,DK0062498333,"20,373.78","2,150,240",0.16%
NOVONESIS (NOVOZYMES) B,DK0060336014,"2,355.42","256,789",0.02%
NRG ENERGY INC COM USD0.01,US6293775085,"1,306.48","320,126",0.02%
NRW HOLDINGS LTD NPV,AU000000NWH5,"112,128.87","335,265",0.03%
NTT DATA GROUP CORP,JP3165700000,"4,104.77","173,406",0.01%
NUCOR CORP COM STK USD0.40,US6703461052,"1,460.97","288,782",0.02%
NUFARM LTD NPV,AU000000NUF3,"93,063.05","228,935",0.02%
NUIX LTD,AU0000119307,"56,923.31","124,662",0.01%
NUTANIX INC - A NTNX,US67059N1081,"1,634.41","190,638",0.01%
NUTRIEN LTD,CA67077M1086,"3,197.20","283,707",0.02%
NVIDIA CORP,US67066G1040,"154,431.14","37,229,841",2.79%
NVR INC COM STK USD0.01,US62944T1051,19.09,"215,159",0.02%
NXP SEMICONDUCTORS NV,NL0009538784,"1,620.32","540,207",0.04%
O'REILLY AUTOMOTIVE INC COM USD0.01,US67103H1077,"5,448.91","749,387",0.06%
OBAYASHI OBAYASHI,JP3190000004,"4,733.76","109,290",0.01%
OBIC CO LTD,JP3173400007,"2,207.88","130,870",0.01%
OCCIDENTAL PETROLEUM CORP COM USD0.20,US6745991058,"4,545.50","291,381",0.02%
OKTA INC OKTA,US6792951054,997.38,"152,144",0.01%
OLD DOMINION FREIGHT LINE COM USD0.10,US6795801009,"1,228.42","304,224",0.02%
OLYMPUS CORP SHS JPY,JP3201200007,"7,165.73","129,822",0.01%
OMNICOM GROUP COM USD0.15,US6819191064,"1,127.71","123,792",0.01%
OMRON CORP NPV,JP3197800000,"1,222.71","50,297",0.00%
OMV AG NPV(VAR),AT0000743059,"1,160.43","95,987",0.01%
ON SEMICONDUCTOR,US6821891057,"2,685.69","214,781",0.02%
ONEOK INC COM USD0.01,US6826801036,"3,786.51","471,646",0.04%
ONO PHARMACEUTICAL CO LTD NPV,JP3197600004,"2,348.66","38,680",0.00%
OPEN TEXT CORP COM NPV,CA6837151068,"1,810.07","80,542",0.01%
ORA BANDA MINING LTD OBM,AU0000050130,"240,457.61","183,950",0.01%
ORACLE CORP COM USD0.01,US68389X1054,"10,613.53","3,540,759",0.27%
ORACLE CORPORATION JAPAN ORACLE CORPORATION JAPAN,JP3689500001,275.14,"49,949",0.00%
ORANGE FTE1,FR0000133308,"10,729.77","248,213",0.02%
ORICA LTD,AU000000ORI1,"119,233.67","2,323,864",0.17%
ORIENTAL LAND CO LTD NPV,JP3198900007,"6,922.02","243,063",0.02%
ORIGIN ENERGY LTD,AU000000ORG5,"421,377.12","4,546,659",0.34%
ORION CORP SER'B'NPV,FI0009014377,872.31,"99,763",0.01%
ORIX CORP NPV,JP3200450009,"7,728.09","266,142",0.02%
ORKLA ASA NOK1.25,NO0003733800,"3,224.80","53,293",0.00%
ORORA LTD NPV,AU000000ORA8,"326,751.82","617,561",0.05%
ORSTED A/S DENERG,DK0060094928,"1,156.80","75,541",0.01%
OSAKA GAS CO LTD,JP3180400008,"1,907.74","74,426",0.01%
OTIS WORLDWIDE CORP-W/I,US68902V1070,"2,502.63","378,134",0.03%
OTSUKA CORP NPV,JP3188200004,"1,428.63","44,317",0.00%
OTSUKA HOLDINGS CO LTD NPV,JP3188220002,"2,707.44","204,527",0.02%
OVERSEA-CHINESE BANKING CORP NPV,SG1S04926220,"20,236.44","395,425",0.03%
OWENS CORNING INC COM STK USD0.01,US6907421019,605.02,"126,959",0.01%
P G & E CORP COM NPV,US69331C1080,"13,416.95","285,393",0.02%
PACCAR INC COM USD1,US6937181088,"3,322.14","481,884",0.04%
PACKAGING CORP OF AMERICA COM USD0.01,US6951561090,487.68,"140,236",0.01%
PALADIN ENERGY LTD NPV,AU000000PDN8,"94,815.78","765,163",0.06%
PALANTIR TECHNOLOGIES INC-A,US69608A1088,"13,537.15","2,815,876",0.21%
PALO ALTO NETWORKS INC PALO ALTO NETWORKS,US6974351057,"4,186.20","1,307,186",0.10%
PAN AMERICAN SILVER CORP COM NPV,CA6979001089,"2,442.76","105,553",0.01%
PAN PACIFIC INTERNATIONAL HOLDINGS CORP,JP3639650005,"2,594.65","135,924",0.01%
PANASONIC HOLDINGS CORP,JP3866800000,"15,173.19","249,328",0.02%
PANDORA A/S DKK1,DK0060252690,566.13,"151,139",0.01%
PARKER HANNIFIN CORP COM USD0.50,US7010941042,821.92,"875,995",0.07%
PARTNERS GROUP HOLDING AG CHF0.01 (REGD),CH0024608827,149.29,"296,203",0.02%
PAYCHEX INC COM USD0.01,US7043261079,"2,065.02","458,346",0.03%
PAYCOM SOFTWARE INC PAYC,US70432V1026,356.64,"125,926",0.01%
PAYPAL HOLDINGS INC PYPLV,US70450Y1038,"5,997.31","680,125",0.05%
PEARSON PLC ORD GBP0.25,GB0006776081,"3,079.60","68,999",0.01%
PEMBINA PIPELINE CORP COM NPV,CA7063271034,"3,189.22","182,353",0.01%
PENTAIR PLC PENTAIR PLC,IE00BLS09M33,"1,002.12","156,981",0.01%
PEPSICO INC CAP USD0.016666,US7134481081,"8,640.01","1,740,791",0.13%
PERENTI LTD,AU0000061897,"211,877.27","343,241",0.03%
PERNOD-RICARD SA EUR1.55,FR0000120693,"1,358.56","205,868",0.02%
PERPETUAL TRUSTEES AUSTRALIA,AU000000PPT9,"27,846.00","502,899",0.04%
PERSEUS MINING LTD NPV,AU000000PRU3,"334,762.10","1,138,191",0.09%
PEXA GROUP LTD,AU0000158594,"31,487.53","428,230",0.03%
PFIZER INC COM USD0.05,US7170811035,"35,658.08","1,318,916",0.10%
PHILIP MORRIS INTERNATIONAL COM STK NPV,US7181721090,"9,827.98","2,731,319",0.20%
PHILLIPS 66 COM USD0.01,US7185461040,"2,601.14","473,512",0.04%
PHOENIX GROUP HOLDINGS PLC PHNX,GB00BGXQNP29,"2,949.99","40,619",0.00%
PILBARA MINERALS LTD PLS,AU000000PLS0,"740,325.43","988,334",0.07%
PINNACLE INVESTMENT MANAGEME PNI,AU000000PNI7,"44,943.65","923,143",0.07%
PINTEREST INC- CLASS A PINS,US72352L1061,"3,856.38","211,017",0.02%
PNC FINANCIAL SERVICES GROUP COM USD5,US6934751057,"2,551.27","725,730",0.05%
POLYNOVO LTD,AU000000PNV0,"167,794.31","200,514",0.02%
POOL CORP COM USD0.001,US73278L1052,253.52,"112,756",0.01%
PORSCHE AUTOMOBIL HLDG-PRF PAH3,DE000PAH0038,860.75,"51,942",0.00%
POSTLE ITALIANE SPA PST,IT0003796171,"3,755.47","122,695",0.01%
POWER ASSETS HOLDINGS LTD,HK0006000050,"8,903.33","87,312",0.01%
POWER CORP OF CANADA SUB-VTG NPV,CA7392391016,"3,761.64","223,749",0.02%
PPG INDUSTRIES INC COM USD1.666,US6935061076,"1,455.97","252,714",0.02%
PPL CORPORATION COM USD0.01,US69351T1060,"4,924.74","254,672",0.02%
PREMIER INVESTMENTS LIMITED NPV,AU000000PMV2,"24,672.44","499,123",0.04%
PRINCIPAL FINANCIAL GROUP COM USD0.01,US74251V1026,"1,394.86","169,060",0.01%
PRO MEDICUS LTD PME,AU000000PME8,"13,292.77","3,789,502",0.28%
PROCTER & GAMBLE CO/THE-CDI PG,US7427181091,"14,867.98","3,614,506",0.27%
PROGRESSIVE CORP COM USD1,US7433151039,"3,704.69","1,508,558",0.11%
PROLOGIS INC COM USD0.01,US74340W1036,"5,844.97","937,549",0.07%
PROSUS NV PRX,NL0013654783,"8,430.13","716,792",0.05%
PRUDENTIAL FINANCIAL INC COM USD0.01,US7443201022,"2,255.74","369,812",0.03%
PRUDENTIAL PLC ORD GBP0.05,GB0007099541,"16,769.22","320,001",0.02%
PRYSMIAN SPA NPV,IT0004176001,"1,713.38","184,261",0.01%
PTC INC COM USD0.01,US69370C1009,767.5,"201,832",0.02%
PUBLIC SERVICE ENTERPRISE GP COM NPV,US7445731067,"3,159.67","405,861",0.03%
PUBLIC STORAGE COM USD0.10,US74460D1090,"1,003.35","449,230",0.03%
PUBLICIS GROUPE EUR0.40,FR0000130577,"1,440.58","246,886",0.02%
PULTE GROUP INC,US7458671010,"1,262.52","203,166",0.02%
PURE STORAGE INC - CLASS A PSTG,US74624M1027,"1,962.41","172,421",0.01%
QANTAS AIRWAYS LIMITED ORD,AU000000QAN2,"370,146.76","3,975,376",0.30%
QBE INSURANCE GROUP LTD,AU000000QBE9,"368,186.29","8,611,877",0.64%
QIAGEN N.V,NL0015002CX3,"1,358.43","99,481",0.01%
QUALCOMM INC,US7475251036,"6,954.82","1,690,126",0.13%
QUANTA SERVICES INC COM USD0.00001,US74762E1029,949.13,"547,564",0.04%
QUBE HOLDINGS LTD NPV,AU000000QUB5,"432,766.02","1,852,239",0.14%
QUEBECOR INC  -CL B CLASS'B'SUB VTG NPV,CA7481932084,"1,250.89","57,983",0.00%
QUEST DIAGNOSTICS INC COM USD0.01,US74834L1008,691.78,"189,615",0.01%
RAKUTEN GROUP INC,JP3967200001,"10,274.23","86,438",0.01%
RAMELIUS RESOURCES LTD NPV,AU000000RMS4,"282,824.77","712,718",0.05%
RAMSAY HEALTH CARE LTD NPV,AU000000RHC8,"45,632.65","1,674,262",0.13%
RANDSTAD HOLDING NV EUR0.10,NL0000379121,548.79,"38,533",0.00%
RATIONAL AG NPV,DE0007010803,22.92,"29,234",0.00%
RAYMOND JAMES FINANCIAL INC COM USD0.01,US7547301090,"1,286.35","301,041",0.02%
RB GLOBAL INC,CA74935Q1072,"1,231.61","199,252",0.01%
REA GROUP LIMITED,AU000000REA9,"12,603.86","3,031,101",0.23%
REALTY INCOME CORP COM USD1,US7561091049,"5,399.37","474,643",0.04%
RECKITT BENCKISER GROUP PLC ORD GBP0.10,GB00B24CGK77,"4,485.04","464,696",0.03%
RECORDATI SPA EUR0.125,IT0003828271,947.57,"90,634",0.01%
RECRUIT HOLDINGS CO LTD 6098,JP3970300004,"8,935.28","805,631",0.06%
REDDIT INC-CL A,US75734B1008,463.65,"106,527",0.01%
REDEIA CORP SA,ES0173093024,"1,601.69","52,071",0.00%
REECE LTD,AU000000REH4,"58,502.39","839,509",0.06%
REGENCY CENTERS CORP COM USD0.01,US7588491032,"1,041.86","113,240",0.01%
REGENERON PHARMACEUTICALS COM USD0.001,US75886F1075,678.47,"543,520",0.04%
REGION GROUP,AU0000253502,"284,728.07","626,402",0.05%
REGIONS FINANCIAL CORP COM STK USD0.01,US7591EP1005,"6,074.33","218,003",0.02%
REGIS RESOURCES LTD NPV,AU000000RRL8,"184,935.45","811,867",0.06%
RELIANCE INC,US7595091023,339.69,"162,704",0.01%
RELIANCE WORLDWIDE CORP LTD RWC,AU000000RWC7,"190,990.11","783,059",0.06%
RELX PLC REL,GB00B2B0DG97,"11,861.76","976,501",0.07%
RENAULT SA EUR3.81,FR0000131906,"1,350.44","94,651",0.01%
RENESAS ELECTRONICS CORP NPV,JP3164720009,"10,913.35","206,249",0.02%
RENTOKIL INITIAL PLC ORD GBP0.01,GB00B082RF11,"17,109.89","125,971",0.01%
REPSOL SA,ES0173516115,"7,620.30","169,729",0.01%
REPUBLIC SERVICES INC COM USD0.01,US7607591002,"1,379.14","518,976",0.04%
RESMED INC COM USD0.004,US7611521078,912.18,"359,109",0.03%
RESMED INC-CDI CDI COM USD0.004 10:1,AU000000RMD6,"145,066.31","5,708,359",0.43%
RESONA HOLDINGS INC NPV,JP3500610005,"13,524.55","190,305",0.01%
RESTAURANT BRANDS INTERN QSR,CA76131D1033,"1,841.31","185,999",0.01%
REVVITY INC,US7140461093,798.99,"117,919",0.01%
REXEL SA EUR5,FR0010451203,"1,174.98","55,014",0.00%
RICOH COMPANY LIMITED NPV,JP3973400009,"3,499.81","50,485",0.00%
RIO TINTO LTD NPV,AU000000RIO1,"90,788.17","9,726,137",0.73%
RIO TINTO PLC ORD GBP0.10,GB0007188757,"7,183.92","637,672",0.05%
RIVIAN AUTOMOTIVE INC-A,US76954A1034,"4,303.54","90,228",0.01%
ROBINHOOD MARKETS INC - A,US7707001027,"4,604.98","657,915",0.05%
ROBLOX CORP -CLASS A,US7710491033,"3,375.98","541,928",0.04%
ROCHE HOLDING AG-BR CHF1.00 (BR),CH0012032113,203.45,"107,251",0.01%
ROCHE HOLDING AG-GENUSSCHEIN ROG,CH0012032048,"4,433.09","2,195,902",0.16%
ROCKWELL AUTOMATION INC COM USD1,US7739031091,724.96,"367,454",0.03%
ROCKWOOL A/S-B SHS,DK0063855168,103.25,"7,347",0.00%
ROGERS COMMUNICATIONS INC-B CLASS'B'COM CAD1.62478,CA7751092007,"2,406.98","108,717",0.01%
ROLLINS INC COM USD1,US7757111049,"1,858.12","159,969",0.01%
ROPER TECHNOLOGIES INC,US7766961061,663.47,"573,861",0.04%
ROSS STORES INC COM USD0.01,US7782961038,"2,081.90","405,293",0.03%
ROYAL BANK OF CANADA COM NPV,CA7800871021,"9,019.05","1,810,114",0.14%
ROYAL CARIBBEAN CRUISES LTD COM STK USD0.01,LR0008862868,"1,608.70","768,670",0.06%
ROYALTY PHARMA PLC- CL A,GB00BMVP7Y09,"2,090.41","114,927",0.01%
RPM INTERNATIONAL INC COM USD0.01,US7496851038,700.68,"117,437",0.01%
RWE AG NPV,DE0007037129,"4,105.42","260,536",0.02%
RYANAIR HOLDINGS PLC RYA,IE00BYTBXV33,"4,954.35","213,157",0.02%
S&P GLOBAL INC,US78409V1044,"1,985.47","1,597,493",0.12%
SAAB AB-B,SE0021921269,"1,874.55","158,349",0.01%
SAGAX AB-B SAGAB,SE0005127818,"1,444.34","49,950",0.00%
SAINSBURY (J) PLC ORD GBP0.28571428,GB00B019KW72,"9,889.61","59,929",0.00%
SALESFORCE INC,US79466L3024,"6,060.24","2,521,654",0.19%
SALMAR ASA NOK0.25,NO0010310956,587.49,"38,694",0.00%
SAMPO OYJ-A SHS,FI4000552500,"15,705.16","256,834",0.02%
SAMSARA INC-CL A,US79589L1061,"1,844.42","111,957",0.01%
SANDFIRE RESOURCES LTD,AU000000SFR8,"112,266.23","1,259,627",0.09%
SANDOZ GROUP AG,CH1243598427,"2,769.65","230,531",0.02%
SANDS CHINA LTD,KYG7800X1079,"13,228.24","42,016",0.00%
SANDVIK AB NPV,SE0000667891,"6,614.80","229,716",0.02%
SANOFI SAN,FR0000120578,"7,099.89","1,045,479",0.08%
SANRIO CO LTD NPV,JP3343200006,"1,064.98","78,392",0.01%
SANTOS LTD NPV,AU000000STO6,"794,383.27","6,084,976",0.46%
SAP SE,DE0007164600,"6,611.23","3,056,988",0.23%
SAPUTO INC COM NPV,CA8029121057,"1,191.41","37,132",0.00%
SARTORIUS AG-VORZUG SRT3,DE0007165631,163.9,"63,413",0.00%
SARTORIUS STEDIM BIOTECH,FR0013154002,191.11,"69,421",0.01%
SBA COMMUNICATIONS CORP-CL A,US78410G1040,692.04,"247,988",0.02%
SBI HOLDINGS INC NPV,JP3436120004,"1,652.14","87,789",0.01%
SCENTRE GROUP SMART COMMUNICATIONS GROUP,AU000000SCG8,"1,272,317.70","4,529,451",0.34%
SCHINDLER HOLDING AG-REG CHF0.10 (REGD),CH0024638212,65.98,"36,361",0.00%
SCHINDLER HOLDING-PART CERT PTG CERT CHF0.10,CH0024638196,305.73,"172,889",0.01%
SCHLUMBERGER LTD COM USD0.01,AN8068571086,"8,588.26","442,944",0.03%
SCHNEIDER ELECTRIC SE,FR0000121972,"3,479.10","1,407,115",0.11%
SCHRODERS PLC,GB00BP9LHF23,"5,524.50","41,748",0.00%
SCHWAB (CHARLES) CORP COM USD0.01,US8085131055,"10,893.22","1,516,590",0.11%
SCOUT24 SE G24,DE000A12DM80,392.16,"82,254",0.01%
SCREEN HOLDINGS CO LTD,JP3494600004,409.11,"50,824",0.00%
SCSK CORP,JP3400400002,772.76,"35,494",0.00%
SEA LTD-ADR SE,US81141R1005,"2,395.94","584,735",0.04%
SEAGATE TECHNOLOGY HOLDINGS,IE00BKVD2N49,"1,350.51","297,427",0.02%
SECOM CO LTD NPV,JP3421800008,"2,765.56","151,422",0.01%
SECURITAS AB-B SHS,SE0000163594,"3,695.66","83,726",0.01%
SEEK LTD NPV,AU000000SEK6,"87,298.34","2,099,525",0.16%
SEGRO PLC ORD GBP0.10,GB00B5ZN1N88,"9,009.18","128,026",0.01%
SEKISUI CHEMICAL CO,JP3419400001,"2,368.27","65,348",0.00%
SEKISUI HOUSE LTD SHS,JP3420600003,"3,170.38","106,604",0.01%
SEMBCORP INDUSTRIES LTD NPV,SG1R50925390,"7,266.52","59,634",0.00%
SEMPRA ENERGY COM NPV,US8168511090,"4,115.29","475,800",0.04%
SERVICE STREAM LTD NPV,AU000000SSM2,"147,157.01","292,107",0.02%
SERVICENOW INC COM USD0.001,US81762P1021,"1,308.36","2,052,493",0.15%
SEVEN & I HOLDINGS CO LTD NPV,JP3422950000,"14,167.63","347,673",0.03%
SEVERN TRENT PLC ORD GBP0.9789,GB00B1FH8J72,"2,158.59","123,403",0.01%
SG HOLDING CO LTD,JP3162770006,"2,539.06","43,090",0.00%
SGH LTD,AU0000364754,"48,787.58","2,637,944",0.20%
SGS SA-REG,CH1256740924,931.59,"143,759",0.01%
SHELL PLC-NEW,GB00BP6MXD84,"38,054.27","2,031,877",0.15%
SHERWIN-WILLIAMS CO/THE COM USD1,US8243481061,"1,515.06","793,791",0.06%
SHIMADZU CORP NPV,JP3357200009,"1,488.56","56,170",0.00%
SHIMANO INC NPV,JP3358000002,500.54,"110,538",0.01%
SHIN ETSU CHEMICAL CO LTD,JP3371200001,"11,479.02","578,668",0.04%
SHIONOGI & CO LTD NPV,JP3347200002,"5,107.21","139,952",0.01%
SHISEIDO CO LTD NPV,JP3351600006,"2,590.95","70,438",0.01%
SHOPIFY INC - A SH,CA82509L1076,"7,713.03","1,354,701",0.10%
SIEMENS AG-REG SIE,DE0007236101,"4,839.47","1,886,671",0.14%
SIEMENS ENERGY AG SIEMENS ENERGY AG,DE000ENER6Y0,"4,318.16","758,454",0.06%
SIEMENS HEALTHINEERS AG,DE000SHL1006,"1,982.74","167,131",0.01%
SIG GROUP AG,CH0435377954,"2,308.34","64,870",0.00%
SIGMA HEALTHCARE LTD SIG,AU000000SIG5,"1,411,519.10","4,220,442",0.32%
SIKA AG-BR,CH0418792922,"1,004.45","414,753",0.03%
SIMON PROPERTY GROUP INC COM USD0.0001,US8288061091,"2,068.78","507,481",0.04%
SIMS LTD,AU000000SGM7,"38,996.71","598,210",0.04%
SINGAPORE AIRLINES LTD NPV,SG1V61937297,"7,714.52","64,420",0.00%
SINGAPORE EXCHANGE LTD NPV,SG1J26887955,"6,539.22","116,575",0.01%
SINGAPORE TECH ENGINEERING,SG1F60858221,"8,934.57","83,385",0.01%
SINGAPORE TELECOMMUNICATIONS,SG1T75931496,"50,473.78","230,997",0.02%
SINO LAND CO,HK0083000502,"15,390.86","24,981",0.00%
SITC INTERNATIONAL HOLDINGS,KYG8187G1055,"7,013.26","34,286",0.00%
SITEMINDER LTD,AU0000183543,"59,645.91","264,231",0.02%
SKANDINAVISKA ENSKILDA BAN-A SER'A'NPV,SE0000148884,"9,445.89","249,692",0.02%
SKANSKA AB-B SHS SER'B'NPV,SE0000113250,"1,218.36","42,954",0.00%
SKF AB-B SHARES,SE0000108227,"2,188.27","76,063",0.01%
SMARTGROUP CORP LTD SMARTGROUP CORP LTD,AU000000SIQ4,"32,560.98","239,974",0.02%
SMC CORPORATION,JP3162600005,375.6,"206,484",0.02%
SMITH & NEPHEW PLC ORD USD0.20,GB0009223206,"5,185.01","120,671",0.01%
SMITHS GROUP PLC ORD GBP0.375,GB00B1WY2338,"1,549.28","72,761",0.01%
SMURFIT WESTROCK PLC,IE00028FXN24,"3,438.45","226,396",0.02%
SNAM SPA NPV,IT0003153415,"14,403.22","132,657",0.01%
SNAP INC - A SNAP,US83304A1060,"6,811.76","90,325",0.01%
SNAP-ON INC COM USD1,US8330341012,331.25,"157,286",0.01%
SNOWFLAKE INC-CLASS A,US8334451098,"2,009.75","686,233",0.05%
SOCIETE GENERALE EUR1.25,FR0000130809,"4,674.53","406,506",0.03%
SODEXO EUR4,FR0000121220,509.5,"47,638",0.00%
SOFINA NPV,BE0003717312,36.88,"18,499",0.00%
SOFTBANK CORP,JP3732000009,"182,740.88","430,492",0.03%
SOFTBANK GROUP CORP,JP3436100006,"6,071.54","674,422",0.05%
SOLVENTUM CORP-W/I,US83444M1018,882.24,"102,097",0.01%
SOMPO HOLDINGS INC,JP3165000005,"5,818.21","267,057",0.02%
SONIC HEALTHCARE LTD NPV,AU000000SHL7,"117,513.17","3,148,178",0.24%
SONOVA HOLDING AG-REG CHF0.05 (REGD),CH0012549785,333.52,"151,141",0.01%
SONY GROUP CORP,JP3435000009,"39,023.60","1,537,660",0.12%
SOUTH32 LTD S32,AU000000S320,"1,105,030.23","3,215,638",0.24%
SOUTHERN CO COM USD5,US8425871071,"6,916.05","969,102",0.07%
SPARTAN RESORCES LTD/AUSTRA,AU0000294233,"224,654.52","445,939",0.03%
SPIRAX GROUP PLC,GB00BWFGQN14,379.11,"47,206",0.00%
SPOTIFY TECHNOLOGY SA SPOT,LU1778762911,976.4,"1,143,255",0.09%
SS&C TECHNOLOGIES HOLDINGS,US78467J1007,"1,500.38","189,565",0.01%
SSE PLC ORD GBP0.50,GB0007908733,"6,925.46","265,152",0.02%
STANDARD CHARTERED PLC ORD USD0.50,GB0004082847,"12,770.24","322,303",0.02%
STANTEC INC COM NPV,CA85472N1096,800.81,"132,691",0.01%
STARBUCKS CORP COM,US8552441094,"7,183.59","1,004,398",0.08%
STATE STREET CORP COM STK USD1,US8574771031,"1,919.10","311,402",0.02%
STEADFAST GROUP LTD NPV,AU000000SDF8,"270,681.35","1,626,795",0.12%
STEEL DYNAMICS INC COM STK USD0.01,US8581191009,916.01,"178,925",0.01%
STELLANTIS NV,NL00150001Q9,"13,110.25","199,811",0.01%
STERIS PLC,IE00BFY8C754,610.15,"223,653",0.02%
STMICROELECTRONICS NV EUR1.04,NL0000226223,"4,456.02","207,001",0.02%
STOCKLAND NPV (STAPLED),AU000000SGP0,"583,936.23","3,129,898",0.23%
STORA ENSO OYJ-R SHS,FI0009005961,"1,751.76","28,942",0.00%
STRAUMANN HOLDING AG-REG,CH1175448666,664.9,"131,983",0.01%
STRYKER CORP COM USD0.10,US8636671013,"2,215.74","1,337,623",0.10%
SUBARU CORP,JP3814800003,"3,378.64","89,782",0.01%
SUMITOMO CORPORATION,JP3404600003,"7,049.95","277,717",0.02%
SUMITOMO ELECTRIC INDS ORD,JP3407400005,"4,680.12","153,018",0.01%
SUMITOMO METAL MINING CO LTD,JP3402600005,"1,462.91","55,017",0.00%
SUMITOMO MITSUI FINANCIAL GR NPV,JP3890350006,"23,481.37","901,431",0.07%
SUMITOMO MITSUI TRUST GROUP,JP3892100003,"3,724.69","151,054",0.01%
SUMITOMO REALTY & DEVELOPMNT NPV,JP3409000001,"1,810.98","106,502",0.01%
SUN COMMUNITIES INC COM USD0.01,US8666741041,800.29,"154,465",0.01%
SUN HUNG KAI PROPERTIES HKD0.50,HK0016000132,"8,642.87","151,287",0.01%
SUN LIFE FINANCIAL INC COM NPV,CA8667961053,"3,810.21","386,081",0.03%
SUNCOR ENERGY INC COM NPV 'NEW',CA8672241079,"8,040.05","458,635",0.03%
SUNCORP GROUP LTD NPV,AU000000SUN6,"264,856.54","5,723,550",0.43%
SUNTORY BEVERAGE & NPV,JP3336560002,"1,075.04","52,354",0.00%
SUPER MICRO COMPUTER INC,US86800U3023,"3,199.48","239,271",0.02%
SUPER RETAIL GROUP LTD,AU000000SUL0,"38,439.81","547,383",0.04%
SUPERLOOP LTD SLC,AU000000SLC8,"26,999.16","81,267",0.01%
SUZUKI MOTOR CORP NPV,JP3397200001,"10,202.74","187,862",0.01%
SVENSKA CELLULOSA AB-B SHS SER'B'NPV (POST SPLIT),SE0000112724,"3,733.65","73,528",0.01%
SVENSKA HANDELSBANKEN-A SHS SHBA,SE0007100599,"10,026.49","202,993",0.02%
SWATCH GROUP AG/THE-BR,CH0012255151,178.58,"44,195",0.00%
SWEDBANK AB - A SHARES SER'A'NPV,SE0000242455,"5,806.33","232,875",0.02%
SWEDISH ORPHAN BIOVITRUM AB,SE0000872095,"1,447.13","66,775",0.01%
SWIRE PACIFIC LTD  'A',HK0019000162,"2,847.12","37,218",0.00%
SWISS LIFE HOLDING AG-REG,CH0014852781,198.97,"306,124",0.02%
SWISS PRIME SITE-REG CHF15.30 (REGD),CH0008038389,435.08,"99,083",0.01%
SWISS RE AG CHF0.10,CH0126881561,"1,789.75","470,544",0.04%
SWISSCOM AG-REG CHF1.00 (REGD),CH0008742519,176.57,"190,389",0.01%
SYENSQO SA,BE0974464977,498.01,"58,409",0.00%
SYMRISE AG NPV (BR),DE000SYM9999,789.58,"126,068",0.01%
SYNCHRONY FINANCIAL SYF,US87165B1035,"2,602.89","265,075",0.02%
SYNOPSYS INC COM,US8716071076,973.67,"761,705",0.06%
SYSCO CORP COM USD1,US8718291078,"3,088.56","356,951",0.03%
SYSMEX CORP NPV,JP3351100007,"3,517.34","93,412",0.01%
T ROWE PRICE GROUP INC COM USD0.20,US74144T1088,"1,377.20","202,792",0.02%
T&D HOLDINGS INC,JP3539220008,"3,184.73","106,649",0.01%
T-MOBILE US INC TMUS,US8725901040,"2,888.94","1,050,309",0.08%
TABCORP HOLDINGS LIMITED ORD,AU000000TAH8,"555,433.39","397,135",0.03%
TAISEI CORP JPY50,JP3443600006,"1,054.91","93,609",0.01%
TAKE-TWO INTERACTIVE SOFTWRE COM USD0.01,US8740541094,"1,079.39","399,986",0.03%
TAKEDA PHARMACEUTICAL NPV SHS,JP3463000004,"9,971.23","466,108",0.03%
TALANX AG TALANX AG,DE000TLX1005,290.4,"57,166",0.00%
TARGA RESOURCES CORP COM USD0.001,US87612G1013,"1,343.56","356,888",0.03%
TARGET CORP COM STK USD0.0833,US87612E1064,"2,870.76","432,136",0.03%
TC ENERGY CORP,CA87807B1076,"6,679.81","496,601",0.04%
TDK CORP NPV,JP3538800008,"11,684.22","209,277",0.02%
TE CONNECTIVITY PLC,IE000IVNQZ81,"1,912.35","492,188",0.04%
TECHNOLOGY ONE LIMITED NPV(POST RECON),AU000000TNE8,"73,682.66","3,021,726",0.23%
TECHTRONIC INDUSTRIES CO,HK0669013440,"9,506.86","159,480",0.01%
TECK RESOURCES LTD-CLS B CLASS'B'SUB-VTG COM NPV,CA8787422044,"2,948.43","181,576",0.01%
TELE2 AB-B SHS,SE0005190238,"3,757.09","83,163",0.01%
TELECOM ITALIA SPA EUR0.55,IT0003497168,"76,413.43","57,294",0.00%
TELEDYNE TECHNOLOGIES INC COM USD0.01,US8793601050,289.04,"225,951",0.02%
TELEFONICA SA TFA,ES0178430E18,"24,518.81","195,785",0.01%
TELENOR ASA ORD NOK6,NO0010063308,"4,671.61","110,381",0.01%
TELEPERFORMANCE EUR2.50,FR0000051807,301.77,"44,495",0.00%
TELIA CO AB,SE0000667925,"8,577.54","46,652",0.00%
TELIX PHARMACEUTICALS LTD TLX,AU000000TLX2,"70,879.96","1,730,889",0.13%
TELSTRA CORPORATION LTD NPV,AU000000TLS2,"2,810,424.63","13,602,455",1.02%
TELUS CORP TELUS CORP,CA87971M1032,"3,295.84","80,606",0.01%
TEMENOS AG - REG,CH0012453913,318.39,"34,637",0.00%
TEMPLE & WEBSTER GROUP LTD TPW,AU000000TPW5,"23,221.16","495,075",0.04%
TENARIS SA,LU2598331598,"2,811.02","80,435",0.01%
TERADYNE INC COM USD0.125,US8807701029,"1,039.91","142,685",0.01%
TERNA SPA ORD EUR0.22,IT0003242622,"8,242.72","128,832",0.01%
TERUMO CORP NPV,JP3546800008,"8,463.45","236,928",0.02%
TESCO PLC,GB00BLGZ9862,"44,646.61","374,641",0.03%
TESLA INC,US88160R1014,"18,319.87","8,879,972",0.67%
TEVA PHARMACEUTICAL-SP ADR ADR(CNV 1 ORD ILS0.10),US8816242098,"6,902.02","176,513",0.01%
TEXAS INSTRUMENTS INC COM USD1,US8825081040,"5,728.60","1,814,865",0.14%
TEXAS PACIFIC LAND CORP,US88262P1021,121.76,"196,268",0.01%
TFI INTERNATIONAL INC,CA87241L1094,473.33,"64,704",0.00%
THE CAMPBELL'S COMPANY,US1344291091,"1,120.56","52,408",0.00%
THE SAGE GROUP PLC,GB00B8C3BL03,"6,831.95","178,643",0.01%
THERMO FISHER SCIENTIFIC INC COM USD1,US8835561023,"2,370.22","1,466,438",0.11%
THOMSON-REUTERS CORP,CA8849038085,"1,018.03","311,752",0.02%
TIS INC,JP3104890003,"1,233.55","63,045",0.00%
TJX COMPANIES INC COM USD1,US8725401090,"7,034.23","1,325,487",0.10%
TMX GROUP LTD COM NPV,CA87262K1057,"1,853.12","119,615",0.01%
TOAST INC-CLASS A,US8887871080,"2,790.24","188,570",0.01%
TOHO CO LTD TOHO CO LTD,JP3598600009,508.2,"45,687",0.00%
TOKIO MARINE HOLDINGS INC NPV,JP3910660004,"11,671.82","753,486",0.06%
TOKYO ELECTRON LTD NPV,JP3571400005,"2,829.40","827,340",0.06%
TOKYO GAS CO LTD,JP3573000001,"2,239.24","113,355",0.01%
TOKYO METRO CO LTD,JP3583900000,"1,162.38","20,599",0.00%
TOKYU CORPORATION,JP3574200006,"2,763.03","50,029",0.00%
TOPPAN HOLDINGS INC,JP3629000005,"1,489.80","61,772",0.00%
TORAY INDUSTRIES INC NPV,JP3621000003,"9,946.69","103,794",0.01%
TOROMONT INDUSTRIES LTD COM STK NPV,CA8911021050,459.69,"62,917",0.00%
TORONTO-DOMINION BANK COM NPV,CA8911605092,"11,158.49","1,249,835",0.09%
TOTALENERGIES SE,FR0000120271,"13,016.22","1,214,680",0.09%
TOURMALINE OIL CORP COM NPV,CA89156V1067,"1,860.92","136,724",0.01%
TOYOTA INDUSTRIES CORP NPV,JP3634600005,964.19,"166,026",0.01%
TOYOTA MOTOR CORP NPV,JP3633400001,"59,848.43","1,576,156",0.12%
TOYOTA TSUSHO CORP NPV,JP3635000007,"4,331.66","149,587",0.01%
TPG TELECOM LTD TPG TELECOM LTD,AU0000090128,"103,979.70","554,212",0.04%
TRACTOR SUPPLY COMPANY COM STK USD0.008,US8923561067,"3,387.02","272,729",0.02%
TRADE DESK INC/THE -CLASS A TTD,US88339J1051,"2,884.59","316,872",0.02%
TRADEWEB MARKETS INC-CLASS A TW,US8926721064,764.77,"170,844",0.01%
TRANE TECHNOLOGIES PLC,IE00BK9ZQ967,"1,426.29","951,969",0.07%
TRANSUNION TRU,US89400J1079,"1,301.61","174,779",0.01%
TRANSURBAN GROUP-STAPLED,AU000000TCL6,"759,147.47","10,612,882",0.79%
TRAVELERS COS INC/THE COM NPV,US89417E1091,"1,442.78","589,002",0.04%
TREASURY WINE ESTATES LTD NPV,AU000000TWE9,"198,523.84","1,550,471",0.12%
TRELLEBORG AB-B SHS SER'B'NPV,SE0000114837,"1,574.54","88,763",0.01%
TREND MICRO INCORPORATED,JP3637300009,848.47,"89,426",0.01%
TRIMBLE LTD,US8962391004,"1,399.21","162,222",0.01%
TRUIST FINANCIAL CORP,US89832Q1094,"8,444.74","553,963",0.04%
TRYG A/S TRYG,DK0060636678,"1,911.63","75,084",0.01%
TWILIO INC - A TWLO,US90138F1021,966.21,"183,348",0.01%
TYLER TECHNOLOGIES INC COM USD0.01,US9022521051,273.58,"247,487",0.02%
TYSON FOODS INC-CL A CLASS'A'COM USD0.10,US9024941034,"1,698.77","145,005",0.01%
U-HAUL HOLDING CO,US0235865062,518.85,"43,046",0.00%
UBER TECHNOLOGIES INC UBER,US90353T1007,"11,898.32","1,693,924",0.13%
UBS GROUP AG-REG UBSG,CH0244767585,"20,470.86","1,053,644",0.08%
UCB SA NPV,BE0003739530,739.57,"221,160",0.02%
UDR INC COM USD0.01,US9026531049,"2,166.25","134,963",0.01%
ULTA SALON COSMETICS & FRAGR COM STK USD0.01,US90384S3031,292.15,"208,554",0.02%
UNI-CHARM CORPORATION UNI-CHARM CORPORATION,JP3951600000,"7,498.08","82,417",0.01%
UNIBAIL-RODAMCO-WESTFIELD URW,FR0013326246,773.02,"112,348",0.01%
UNICREDIT SPA UCGM,IT0005239360,"8,895.67","906,790",0.07%
UNILEVER PLC,GB00B10RZP78,"2,423.60","224,696",0.02%
UNILEVER PLC ORD GBP0.031111,GB00B10RZP78,"13,423.06","1,242,004",0.09%
UNION PACIFIC CORP COM USD2.50,US9078181081,"3,770.08","1,323,599",0.10%
UNIPOL SPA NPV,IT0004810054,"1,164.40","35,091",0.00%
UNITED AIRLINES HOLDINGS INC,US9100471096,621.91,"75,566",0.01%
UNITED OVERSEAS BANK LTD NPV,SG1M31001969,"8,164.34","352,128",0.03%
UNITED PARCEL SERVICE CL B,US9113121068,"4,608.62","709,841",0.05%
UNITED RENTALS INC COM STK USD0.01,US9113631090,421.83,"484,947",0.04%
UNITED THERAPEUTICS CORP COM STK USD0.01,US91307C1027,269.82,"118,306",0.01%
UNITED UTILITIES GROUP PLC ORD GBP0.05,GB00B39J2M42,"4,059.83","96,904",0.01%
UNITEDHEALTH GROUP INC COM USD0.01,US91324P1021,"5,764.58","2,744,144",0.21%
UNIVERSAL HEALTH SERVICES-B CLASS'B'COM USD0.01,US9139031002,384.95,"106,407",0.01%
UNIVERSAL MUSIC GROUP BV,NL0015000IY2,"6,722.99","330,917",0.02%
UPM-KYMMENE OYJ NPV,FI0009005987,"3,906.65","162,062",0.01%
US BANCORP COM USD0.01,US9029733048,"10,069.09","695,241",0.05%
VALERO ENERGY CORP COM USD0.01,US91913Y1001,"2,009.88","412,251",0.03%
VALTERRA PLATINUM LIMITED,ZAE000013181,760.61,"51,615",0.00%
VAT GROUP AG,CH0311864901,151.04,"96,911",0.01%
VAULT MINERALS LTD,AU0000355588,"1,665,398.26","699,467",0.05%
VEEVA SYSTEMS INC-CLASS A COM USD0.00001 CL 'A',US9224751084,985.88,"433,226",0.03%
VENTAS INC COM USD0.25,US92276F1003,"2,755.69","265,540",0.02%
VENTIA SERVICES GROUP PTY LT,AU0000184459,"209,399.42","1,084,689",0.08%
VERALTO CORP-W/I,US92338C1036,"1,501.36","231,269",0.02%
VERBUND AG CLASS'A'NPV,AT0000746409,360.01,"42,012",0.00%
VERISIGN INC COM USD0.001,US92343E1029,552.68,"243,557",0.02%
VERISK ANALYTICS INC-CLASS A COM USD0.001 CLASS 'A',US92345Y1064,886.46,"421,352",0.03%
VERIZON COMMUNICATIONS INC COM USD0.10,US92343V1044,"26,573.76","1,754,554",0.13%
VERTEX PHARMACEUTICALS INC COM USD0.01,US92532F1003,"1,628.76","1,106,471",0.08%
VERTIV HOLDINGS CO,US92537N1081,"2,306.58","451,954",0.03%
VESTAS WIND SYSTEMS A/S,DK0061539921,"6,155.43","140,421",0.01%
VICI PROPERTIES INC,US9256521090,"6,337.19","315,240",0.02%
VICINITY CENTERS VCX,AU000000VCX7,"946,619.73","2,338,151",0.18%
VINCI SA EUR2.50,FR0000125486,"3,245.26","727,186",0.05%
VISA INC-CLASS A SHARES COM STK USD0.0001,US92826C8394,"10,874.64","5,891,573",0.44%
VISTRA CORP,US92840M1027,"2,163.20","639,735",0.05%
VIVA ENERGY GROUP LTD VEA,AU0000016875,"275,316.72","594,684",0.04%
VODAFONE GROUP PLC ORD USD0.2095238(POST CONSOL),GB00BH4HKS39,"131,320.50","213,579",0.02%
VOLKSWAGEN AG-PREF NON VTG PRF NPV,DE0007664039,"1,343.10","215,603",0.02%
VOLVO AB-B SHS SER'B'NPV,SE0000115446,"10,341.64","439,445",0.03%
VONOVIA SE ANN,DE000A1ML7J1,"4,667.78","250,073",0.02%
VULCAN MATERIALS CO COM USD1,US9291601097,832.82,"331,452",0.02%
WABTEC CORP,US9297401088,"1,062.05","339,271",0.03%
WALMART INC,US9311421039,"27,813.62","4,149,867",0.31%
WALT DISNEY CO/THE DISNEY COM USD0.01,US2546871060,"11,412.98","2,159,645",0.16%
WARNER BROS DISCOVERY INC,US9344231041,"15,130.26","264,581",0.02%
WASHINGTON H. SOUL PATTINSON NPV,AU000000SOL3,"61,174.54","2,569,942",0.19%
WASTE CONNECTIONS INC,CA94106B1013,"1,625.65","463,174",0.03%
WASTE MANAGEMENT INC COM USD0.01,US94106L1098,"2,519.71","879,774",0.07%
WATERS CORP COM USD0.01,US9418481035,392.29,"208,933",0.02%
WATSCO INC COM USD0.50,US9426222009,229.23,"154,471",0.01%
WAYPOINT REIT WPR,AU0000088064,"163,325.37","401,780",0.03%
WEB TRAVEL GROUP LTD,AU000000WEB7,"95,437.39","424,696",0.03%
WEC ENERGY GROUP INC WEC,US92939U1060,"2,080.54","330,803",0.02%
WELLS FARGO & CO COM USD1 2/3,US9497461015,"20,639.76","2,523,320",0.19%
WELLTOWER INC HCN,US95040Q1040,"4,115.16","965,322",0.07%
WESFARMERS LTD WES,AU000000WES1,"277,578.89","23,524,811",1.76%
WEST AFRICAN RESOURCES LTD WAF,AU000000WAF6,"279,091.24","633,537",0.05%
WEST FRASER TIMBER CO LTD COM NPV,CA9528451052,403.59,"45,069",0.00%
WEST JAPAN RAILWAY CO,JP3659000008,"3,110.90","108,514",0.01%
WEST PHARMACEUTICAL SERVICES COM USD0.25,US9553061055,466.97,"155,905",0.01%
WESTERN DIGITAL CORP COM USD0.01,US9581021055,"1,992.09","194,513",0.01%
WESTGOLD RESOURCES LTD,AU000000WGX6,"230,916.20","662,729",0.05%
WESTON (GEORGE) LTD COM,CA9611485090,427.03,"130,421",0.01%
WESTPAC BANKING CORP WBC,AU000000WBC1,"838,958.17","28,407,124",2.13%
WEYERHAEUSER CO WY,US9621661043,"4,657.71","182,584",0.01%
WH GROUP LTD 288,KYG960071028,"47,410.94","69,580",0.01%
WHARF HOLDINGS LTD,HK0004000045,"8,182.14","38,012",0.00%
WHARF REAL ESTATE INVESTMENT 1997,KYG9593A1040,"12,639.45","54,543",0.00%
WHEATON PRECIOUS METALS CORP,CA9628791027,"2,964.66","405,997",0.03%
WHITBREAD PLC ORD GBP0.76797385,GB00B1KJJ408,804.64,"47,498",0.00%
WHITECAP RESOURCES INC COM NPV,CA96467A2002,"5,761.78","58,956",0.00%
WHITEHAVEN COAL LTD NPV,AU000000WHC8,"204,754.01","1,111,814",0.08%
WILLIAMS COS INC COM USD1,US9694571004,"7,796.15","747,198",0.06%
WILLIAMS-SONOMA INC COM USD0.01,US9699041011,733.15,"182,763",0.01%
WILLIS TOWERS WATSON PLC,IE00BDB6Q211,628.08,"293,744",0.02%
WILMAR INTERNATIONAL LTD NPV,SG1T56930848,"9,091.26","31,260",0.00%
WISE PLC - A,GB00BL9YR756,"4,045.09","87,967",0.01%
WISETECH GLOBAL LTD WTC,AU000000WTC3,"45,814.88","4,995,196",0.37%
WIX.COM LTD WIX,IL0011301780,317.48,"76,765",0.01%
WOLTERS KLUWER EUR0.12,NL0000395903,"1,568.57","398,821",0.03%
WOODSIDE ENERGY GROUP LTD,AU0000224040,"464,379.00","10,973,276",0.82%
WOOLWORTHS GROUP LTD,AU000000WOW2,"298,764.98","9,294,579",0.70%
WORKDAY INC-CLASS A COM USD0.001,US98138H1014,"1,334.21","488,609",0.04%
WORLDLINE SA WORLDLINE SA - W/I,FR0011981968,0,,0.00%
WORLEYPARSONS LTD NPV,AU000000WOR2,"120,401.97","1,574,858",0.12%
WP CAREY INC COM USD0.001,US92936U1097,"1,471.42","140,058",0.01%
WPP PLC ORD GBP0.10,JE00B8KF9B49,"7,498.21","80,370",0.01%
WR BERKLEY CORP COM USD0.20,US0844231029,"1,793.97","201,118",0.02%
WSP GLOBAL INC WSP GLOBAL INC,CA92938W2022,844.25,"262,247",0.02%
WW GRAINGER INC COM STK USD0.50,US3848021040,280.14,"444,669",0.03%
XCEL ENERGY INC COM,US98389B1008,"3,694.69","383,930",0.03%
XERO LTD,AU0000403172,"2,546.45","457,851",0.03%
XERO LTD XRO,NZXROE0001S2,"37,747.74","6,787,044",0.51%
XYLEM INC COM USD0.01,US98419M1009,"1,558.83","307,698",0.02%
YAKULT HONSHA CO LTD NPV,JP3931600005,"1,287.84","36,903",0.00%
YAMAHA MOTOR CO LTD NPV,JP3942800008,"6,119.46","69,785",0.01%
YANCOAL AUSTRALIA LTD NPV,AU000000YAL0,"96,332.51","555,839",0.04%
YANGZIJIANG SHIPBUILDING NPV,SG1U76934819,"17,078.52","45,423",0.00%
YARA INTERNATIONAL ASA NOK1.7,NO0010208051,766.65,"43,003",0.00%
YOKOGAWA ELECTRIC CORP,JP3955000009,"1,013.03","41,254",0.00%
YUM! BRANDS INC COM NPV,US9884981013,"1,717.08","388,246",0.03%
ZALANDO SE ZAL,DE000ZAL1111,"1,352.00","67,686",0.01%
ZEBRA TECHNOLOGIES CORP-CL A 'A'COM USD0.01,US9892071054,337.42,"158,763",0.01%
ZENSHO HOLDINGS CO LTD NPV,JP3429300001,714.31,"65,936",0.00%
ZILLOW GROUP INC - C ZCVVV,US98954M2008,"1,106.02","118,222",0.01%
ZIMMER BIOMET HOLDINGS INC,US98956P1021,"1,257.65","175,036",0.01%
ZIP CO LTD,AU0000218307,"317,558.83","974,906",0.07%
ZOETIS INC ZOETIS INC,US98978V1035,"2,822.32","671,611",0.05%
ZOOM COMMUNICATIONS INC,US98980L1017,"1,609.93","191,566",0.01%
ZOZO INC,JP3399310006,"2,996.09","49,280",0.00%
ZSCALER INC,US98980G1022,641.58,"307,345",0.02%
ZURICH INSURANCE GROUP AG CHF0.10,CH0011075394,942.7,"1,002,228",0.08%
Total,,,"1,325,827,129",99.29%
Total Investment Items,,,"1,330,734,269",99.66%
,,,,
Table 2 — Derivatives by kind of derivative,,,,
Portfolio Holdings Information for Investment Option HC Indexed High Growth - Class A Option - Derivatives,,,,
Kind of derivative,,,Value (AUD),Weighting (%)
Swaps,,,,0.00%
Forwards,,,"4,542,920",0.34%
Futures,,,"55,804",0.00%
Options,,,160,0.00%
Total,,,"4,598,884",0.34%
,,,,
Table 3 — Derivatives by asset class,,,,
Portfolio Holdings Information for Investment Option HC Indexed High Growth - Class A Option - Derivatives by Asset Class,,,,
Asset class,,,Actual asset allocation (% of Assets (including derivatives) in the investment option),Effect of derivatives exposure (% of Assets (including derivatives) in the investment option)
Cash,,,0.71%,-0.50%
Fixed Income,,,0.00%,0.00%
Equity,,,99.29%,0.50%
Property,,,0.00%,0.00%
Infrastructure,,,0.00%,0.00%
Alternatives,,,0.00%,0.00%
Total,,,100.00%,0.00%
,,,,
Table 4—Derivatives by currency,,,,
,,,,
Portfolio Holdings Information for Investment Option HC Indexed High Growth - Class A Option - Derivatives by Currency,,,,
Currency exposure,,,Actual Currency Exposure (% of Assets (including derivatives) in the investment option),Effect of derivatives exposure (% of Assets (including derivatives) in the investment option)
AUD,,,47.57%,17.67%
USD,,,38.95%,-12.84%
Developed Markets,,,13.04%,-4.23%
Emerging Markets,,,0.44%,-0.14%
