HC SRI High Growth - Class A Option,,,,
HOSTPLUS,,,,
,,,,
Table 1 - Assets HC SRI High Growth - Class A Option - Assets,,,,
Portfolio Holdings Information for Investment Option HC SRI High Growth - Class A Option - Assets,,,,
Cash,,,,
Name of Institution,Currency,,Value (AUD),Weighting (%)
Citigroup Inc,AUD,,"441,451",0.33%
Citigroup Inc,CAD,,"5,265",0.00%
Citigroup Inc,CHF,,43,0.00%
Citigroup Inc,DKK,,17,0.00%
Citigroup Inc,EUR,,"1,933",0.00%
Citigroup Inc,GBP,,"1,167",0.00%
Citigroup Inc,HKD,,"2,647",0.00%
Citigroup Inc,ILS,,150,0.00%
Citigroup Inc,JPY,,"12,605",0.01%
Citigroup Inc,NOK,,2,0.00%
Citigroup Inc,NZD,,"2,135",0.00%
Citigroup Inc,SEK,,3,0.00%
Citigroup Inc,SGD,,26,0.00%
Citigroup Inc,USD,,"310,115",0.23%
Macquarie Bank,AUD,,"66,681",0.05%
Macquarie Bank,CAD,,,0.00%
Macquarie Bank,EUR,,"-1,560",0.00%
Macquarie Bank,JPY,,-321,0.00%
Macquarie Bank,USD,,"40,724",0.03%
Total,,,"883,083",0.66%
Listed Equity,,,,
Name/kind of investment item,Security Identifier,Units held,Value (AUD),Weighting (%)
A2 MILK CO LTD ATM,NZATME0002S8,"29,016.37","232,421",0.17%
ABBOTT LABORATORIES COM NPV,US0028241000,857.06,"177,873",0.13%
ABBVIE INC COM USD0.01,US00287Y1091,"1,465.69","415,140",0.31%
ACCENTURE PLC-CL A CLS'A'USD0.0000225,IE00B4BNMY34,435.54,"198,641",0.15%
ADIDAS AG NPV (REGD),DE000A1EWWW0,85.39,"30,277",0.02%
ADOBE INC,US00724F1012,306.2,"180,762",0.13%
ADV MICRO DEVICES INC COM USD0.01,US0079031078,840.32,"181,951",0.14%
ADVANTEST CORP NPV,JP3122400009,460.45,"51,827",0.04%
AEGON LTD,BMG0112X1056,"5,342.25","58,830",0.04%
AFLAC INC COM USD0.10,US0010551028,"2,517.61","405,138",0.30%
AIA GROUP LTD USD1.00,HK0000069689,"9,292.70","127,167",0.09%
AIB GROUP PLC,IE00BF0L3536,"6,780.32","84,831",0.06%
AIRBNB INC,US0090661010,547.31,"110,522",0.08%
AKAMAI TECHNOLOGIES INC COM STK USD0.01,US00971T1016,831.53,"101,202",0.08%
ALCON INC,CH0432492467,458.15,"61,653",0.05%
ALEXANDRIA REAL ESTATE EQUIT COM STK USD0.01,US0152711091,299.08,"33,146",0.02%
ALIGN TECHNOLOGY INC COM USD0.0001,US0162551016,142.95,"41,298",0.03%
ALLIANZ SE-REG ALV,DE0008404005,175.18,"107,971",0.08%
ALNYLAM PHARMACEUTICALS INC COM USD0.01,US02043Q1076,172.04,"85,604",0.06%
ALPHABET INC-CL A GOOGL,US02079K3059,"2,220.20","597,034",0.44%
ALPHABET INC-CL C GOOG,US02079K1079,"3,963.00","1,072,704",0.80%
ALSTOM EUR7.00,FR0010220475,"1,705.96","60,503",0.04%
AMERICAN EXPRESS CO COM USD0.20,US0258161092,659.07,"320,791",0.24%
AMERICAN HOMES 4 RENT- A AMH,US02665T3068,"3,382.63","186,177",0.14%
AMERICAN INTERNATIONAL GROUP COM USD2.50,US0268747849,"1,912.12","249,727",0.19%
AMERICAN WATER WORKS CO INC COM STK USD0.01,US0304201033,"1,570.76","333,422",0.25%
AMERIPRISE FINANCIAL INC COM STK USD0.01,US03076C1062,323.99,"263,863",0.20%
AMGEN INC COM USD0.0001,US0311621009,470.08,"200,275",0.15%
AMP LTD NPV(POST RECON),AU000000AMP6,"103,268.13","130,118",0.10%
ANALOG DEVICES INC COM USD0.16 2/3,US0326541051,312.48,"113,490",0.08%
ANTOFAGASTA PLC ORD GBP0.05,GB0000456144,"3,036.24","114,882",0.09%
ANZ GROUP HOLDINGS LTD ANZ,AU000000ANZ3,"62,033.46","1,808,896",1.34%
AON PLC,IE00BLP1HW54,251.78,"137,065",0.10%
APOLLO GLOBAL MANAGEMENT INC,US03769M1062,209.3,"45,308",0.03%
APPLE INC,US0378331005,"8,193.48","2,565,128",1.90%
APPLIED MATERIALS INC COM USD0.01,US0382221051,658.02,"183,817",0.14%
APPLOVIN CORP-CLASS A,US03831W1080,189.83,"101,405",0.08%
APTIV HOLDINGS LTD,JE00BTDN8H13,344.29,"35,840",0.03%
ARCH CAPITAL GROUP LTD COM USD0.01,BMG0450A1053,730.86,"101,541",0.08%
ARENA REIT ARF,AU000000ARF6,"85,770.83","318,210",0.24%
ARES MANAGEMENT CORP,US03990B1017,517.17,"136,680",0.10%
ARGENX SE ARGX,NL0010832176,57.14,"48,081",0.04%
ARISTA NETWORKS INC,US0404132054,"1,070.75","167,161",0.12%
ASAHI KASEI CORP ORD,JP3111200006,"6,341.64","68,801",0.05%
ASM INTERNATIONAL N.V. EUR0.04,NL0000334118,47.93,"46,650",0.03%
ASML HOLDING NV EUR0.09 (POST SPLIT),NL0010273215,259.11,"314,479",0.23%
ASTELLAS PHARMA INC NPV,JP3942400007,"4,520.77","67,648",0.05%
ASTRAZENECA PLC ORD USD0.25,GB0009895292,"1,276.28","270,075",0.20%
AT&T INC COM STK USD1,US00206R1023,"4,579.58","202,233",0.15%
ATLAS ARTERIA-STAPLED,AU0000013559,"92,435.68","470,498",0.35%
ATLASSIAN CORP PLC-CLASS A,US0494681010,127.46,"39,499",0.03%
AUSTRALIAN STOCK EXCHANGE NPV,AU000000ASX7,"4,897.63","341,659",0.25%
AUTOMATIC DATA PROCESSING COM USD0.10,US0530151036,171.83,"80,862",0.06%
AUTOZONE INC COM STK USD0.01,US0533321024,8.16,"46,237",0.03%
AVALONBAY COMMUNITIES INC COM USD0.01,US0534841012,469.24,"145,709",0.11%
AVERY DENNISON CORP COM USD1,US0536111091,134.16,"35,921",0.03%
AVZ MINERALS LTD AVZ,AU000000AVZ6,"21,692.78","16,920",0.01%
AXA SA CSLI,FR0000120628,909.39,"67,875",0.05%
AXON ENTERPRISE INC,US05464C1018,38.72,"48,917",0.04%
BANCO BILBAO VIZCAYA ARGENTA BBVA,ES0113211835,"4,245.76","99,282",0.07%
BANCO BPM SPA,IT0005218380,"3,453.37","61,312",0.05%
BANCO DE SABADELL SA EUR0.125,ES0113860A34,"9,064.78","43,888",0.03%
BANCO SANTANDER SA SANN,ES0113900J37,"10,884.18","136,995",0.10%
BANK OF AMERICA CORP COM STK USD0.01,US0605051046,"5,868.84","423,764",0.31%
BANK OF MONTREAL COM NPV,CA0636711016,336.96,"56,866",0.04%
BANK OF NEW YORK MELLON CORP COM STK USD0.01,US0640581007,562.38,"78,184",0.06%
BANK OF QUEENSLAND LTD,AU000000BOQ8,"24,827.81","193,160",0.14%
BAXTER INTERNATIONAL INC COM USD1,US0718131099,777.32,"35,916",0.03%
BCE INC COM NPV,CA05534B7604,"1,290.72","43,591",0.03%
BE SEMICONDUCTOR INDUSTRIES,NL0012866412,225.62,"51,344",0.04%
BENDIGO AND ADELAIDE BANK NPV,AU000000BEN6,"32,793.38","414,508",0.31%
BEST BUY CO INC COM USD0.10,US0865161014,325.24,"33,316",0.02%
BIOGEN INC,US09062X1037,325.45,"62,369",0.05%
BIOMARIN PHARMACEUTICAL INC COM USD0.001,US09061G1013,399.75,"33,531",0.02%
BLACKROCK FUNDING INC/DE,US09290D1019,38.09,"60,987",0.05%
BLACKSTONE GROUP INC/THE,US09260D1072,329.43,"75,191",0.06%
BLOCK INC - CDI,AU0000380420,498.36,"51,157",0.04%
BLUESCOPE STEEL LTD,AU000000BSL0,"45,954.93","1,062,018",0.79%
BOC HONG KONG HOLDINGS LTD,HK2388011192,"9,313.63","61,735",0.05%
BOOKING HOLDINGS INC,US09857L1089,36.21,"319,855",0.24%
BOSTON SCIENTIFIC CORP COM STK,US1011371077,"2,866.29","469,778",0.35%
BRAMBLES LTD NPV,AU000000BXB1,"63,763.98","1,493,353",1.11%
BRIDGESTONE CORPORATION NPV,JP3830800003,481.38,"30,003",0.02%
BRISTOL-MYERS SQUIBB CO COM STK USD0.10,US1101221083,"1,919.86","135,608",0.10%
BROADCOM INC,US11135F1012,"2,347.45","987,374",0.73%
BUILDERS FIRSTSOURCE INC COM USD0.01,US12008R1077,186.9,"33,279",0.02%
BXP INC,US1011211018,376.73,"38,785",0.03%
CADENCE DESIGN SYS INC COM STK USD0.01,US1273871087,186.48,"87,685",0.07%
CAIXABANK,ES0140609019,"5,959.05","78,495",0.06%
CAPITALAND INTEGRATED COMMER,SG1M51904654,"179,911.23","467,729",0.35%
CAPSTONE COPPER CORP-CDI,AU0000318552,"40,410.50","380,667",0.28%
CAR GROUP LTD CAR,AU000000CAR3,"1,619.41","60,598",0.04%
CARLISLE COS INC COM USD1,US1423391002,328.17,"186,985",0.14%
CARLYLE GROUP INC/THE,US14316J1088,987.24,"77,431",0.06%
CARRIER GLOBAL CORP-W/I,US14448C1045,"1,139.40","127,249",0.09%
CBOE GLOBAL MARKETS INC,US12503M1080,184.81,"65,765",0.05%
CDW CORP/DE COM USD0.01,US12514G1085,202.18,"55,096",0.04%
CELESTICA INC,CA15101Q2071,204.06,"48,552",0.04%
CENTENE CORP COM USD0.001,US15135B1017,"1,089.59","90,246",0.07%
CENTRAL JAPAN RAILWAY CO NPV,JP3566800003,"1,674.36","57,167",0.04%
CHALLENGER LTD,AU000000CGF5,"29,382.44","237,410",0.18%
CHAMPION IRON LTD CIA,AU000000CIA2,"82,734.55","345,003",0.26%
CHARTER COMMUNICATIONS INC,US16119P1084,110.93,"69,196",0.05%
CHARTER HALL LONG WALE REIT CLW,AU000000CLW0,"8,898.34","36,305",0.03%
CHARTER HALL RETAIL REIT,AU000000CQR9,"22,670.21","87,054",0.06%
CHECK POINT SOFTWARE TECH ORD ILS0.01,IL0010824113,542.49,"183,149",0.14%
CHIBA BANK LTD/THE,JP3511800009,"5,316.09","74,944",0.06%
CHIPOTLE MEXICAN GRILL INC COM USD0.01,US1696561059,591.47,"50,677",0.04%
CHORUS LTD NPV,NZCNUE0001S2,"12,108.64","94,568",0.07%
CHUBB LTD,CH0044328745,620.56,"274,340",0.20%
CIE FINANCIERE RICHEMON-REG CHF1.00 (REG) SER 'A',CH0210483332,132.48,"37,955",0.03%
CIGNA CORP,US1255231003,214.74,"108,320",0.08%
CINTAS CORP COM,US1729081059,244.46,"83,134",0.06%
CISCO SYSTEMS INC COM USD0.001,US17275R1023,"3,356.88","355,383",0.26%
CITIZENS FINANCIAL GROUP CFG,US1746101054,559.45,"38,201",0.03%
CLEANAWAY WASTE MANAGEMENT L CWY,AU000000CWY3,"230,754.79","627,653",0.47%
CLOUDFLARE INC - CLASS A NET,US18915M1071,241.32,"72,110",0.05%
CME GROUP INC CME,US12572Q1058,311.43,"130,978",0.10%
COCHLEAR LIMITED NPV,AU000000COH5,"3,899.24","1,171,409",0.87%
COGNIZANT TECH SOLUTIONS-A COM CL'A'USD0.01,US1924461023,461.5,"54,948",0.04%
COINBASE GLOBAL INC -CLASS A,US19260Q1076,97.32,"52,049",0.04%
COLGATE-PALMOLIVE CO COM USD1,US1941621039,"1,777.75","246,582",0.18%
COMCAST CORP-CLASS A COM CLS'A' USD0.01,US20030N1019,"3,633.15","197,859",0.15%
COMMERZBANK AG NPV,DE000CBK1001,"1,776.50","85,215",0.06%
COMMONWEALTH BANK OF AUSTRAL NPV,AU000000CBA7,"35,380.15","6,536,483",4.85%
COMPUTERSHARE LTD NPV(POST REC),AU000000CPU5,"14,740.28","587,990",0.44%
CONCORDIA FINANCIAL GROUP LTD,JP3305990008,"9,418.27","93,245",0.07%
CONSTELLATION SOFTWARE INC COM STK NPV,CA21037X1006,10.05,"56,096",0.04%
CONTINENTAL AG NPV,DE0005439004,448.52,"59,530",0.04%
COOPER COS INC/THE,US2166485019,579.75,"62,951",0.05%
COREBRIDGE FINANCIAL INC,US21871X1090,899.13,"48,706",0.04%
CORNING INC COM USD0.50,US2193501051,597.33,"47,934",0.04%
CORPAY INC,US2199481068,238.81,"120,913",0.09%
COVIVIO,FR0000064578,"1,624.13","155,783",0.12%
CRH PLC,IE0001827041,"1,062.38","148,816",0.11%
CROWDSTRIKE HOLDINGS INC - A CRWD,US22788C1053,343.66,"267,080",0.20%
CSL LTD,AU000000CSL8,"13,843.15","3,315,157",2.46%
CVS HEALTH CORP CVS,US1266501006,420.06,"44,214",0.03%
CYBER-ARK SOFTWARE LTD/ISRAE CYBR,IL0011334468,180.2,"111,881",0.08%
DAI-ICHI LIFE HOLDINGS INC,JP3476480003,"8,622.95","99,837",0.07%
DAIICHI SANKYO CO LTD NPV,JP3475350009,"1,569.71","55,799",0.04%
DANAHER CORP COM USD0.01,US2358511028,346.8,"104,535",0.08%
DANSKE BANK A/S DANSKE BANK A/S,DK0010274414,692.14,"42,922",0.03%
DATADOG INC - CLASS A DDOG,US23804L1035,411.26,"84,299",0.06%
DAVITA INC,US23918K1088,299.71,"65,146",0.05%
DEERE & CO COM USD1,US2441991054,118.46,"91,915",0.07%
DELL TECHNOLOGIES -C W/I,US24703L2025,829.23,"155,128",0.12%
DEMANT A/S,DK0060738599,691.51,"43,862",0.03%
DENSO CORP NPV,JP3551500006,"4,457.98","91,856",0.07%
DETERRA ROYALTIES LTD,AU0000107484,"90,043.26","338,563",0.25%
DEUTSCHE BANK AG-REGISTERED ORD NPV(REGD),DE0005140008,"1,361.05","61,361",0.05%
DEUTSCHE TELEKOM AG-REG DTE,DE0005557508,"3,562.41","197,617",0.15%
DEXCOM INC COM USD0.001,US2521311074,892.02,"118,813",0.09%
DEXUS DXS,AU000000DXS1,"26,522.90","176,377",0.13%
DIGITAL REALTY TRUST INC COM STK USD0.01,US2538681030,225.41,"59,962",0.04%
DOORDASH INC - A,US25809K1051,241.95,"91,008",0.07%
DYNATRACE INC DT,US2681501092,503.56,"42,423",0.03%
EAST JAPAN RAILWAY CO NPV,JP3783600004,"4,018.46","131,937",0.10%
EDP RENOVAVEIS SA EUR5,ES0127797019,"1,960.26","33,268",0.02%
EDWARDS LIFESCIENCES CORP COM STK USD1,US28176E1082,517.38,"61,744",0.05%
EISAI CO LTD,JP3160400002,920.9,"40,353",0.03%
ELECTRONIC ARTS INC COM USD0.01,US2855121099,175.6,"42,791",0.03%
ELEVANCE HEALTH INC ANTM,US0367521038,236.5,"140,368",0.10%
ELI LILLY & CO COM STK NPV,US5324571083,489.54,"582,302",0.43%
ELISA OYJ SER'A'SHS NPV,FI0009007884,811.02,"68,392",0.05%
EQUINIX INC EQIX,US29444U7000,33.28,"40,393",0.03%
EQUITABLE HOLDINGS INC,US29452E1010,"2,292.41","196,237",0.15%
EQUITY RESIDENTIAL SBI USD0.01,US29476L1070,311.43,"32,072",0.02%
ESSEX PROPERTY TRUST INC COM USD0.0001,US2971781057,218.29,"94,400",0.07%
ESSILORLUXOTTICA EI,FR0000121667,124.95,"52,125",0.04%
EVEREST GROUP LTD,BMG3223R1088,163.46,"84,766",0.06%
EVOLUTION MINING LTD,AU000000EVN4,"42,344.39","329,863",0.24%
F5 INC,US3156161024,232.53,"104,429",0.08%
FAIR ISAAC CORP COM USD0.01,US3032501047,11.93,"33,276",0.02%
FAIRFAX FINANCIAL HLDGS LTD FRFHF,CA3039011026,13.81,"37,970",0.03%
FAST RETAILING CO LTD NPV,JP3802300008,62.79,"32,846",0.02%
FASTENAL CO COM USD0.01,US3119001044,839.27,"53,787",0.04%
FERRARI NV RACE,NL0011585146,54.63,"40,713",0.03%
FIRST SOLAR INC COM STK USD0.001,US3364331070,519.89,"131,323",0.10%
FISERV INC,US3377381088,388.87,"102,304",0.08%
FISHER & PAYKEL HEALTHCARE C NPV,NZFAPE0001S2,"23,461.46","789,009",0.59%
FLETCHER BUILDING LTD NPV,NZFBUE0001S0,"20,774.47","56,091",0.04%
FORTINET INC COM USD0.001,US34959E1091,"1,339.70","216,118",0.16%
FOX CORP- CLASS B,US35137L2043,"1,014.24","79,904",0.06%
FRESENIUS MEDICAL CARE AG,DE0005785802,655.51,"57,122",0.04%
FRESENIUS SE & CO KGAA FRE,DE0005785604,746.35,"57,056",0.04%
FUJIFILM HOLDINGS CORP NPV,JP3814000000,"1,255.77","41,681",0.03%
FUJIKURA LIMITED SHS,JP3811000003,586.03,"46,870",0.03%
FUTU HOLDINGS LTD-ADR,US36118L1061,283.8,"53,522",0.04%
GARMIN LTD COM CHF10.00,CH0114405324,177.27,"56,459",0.04%
GARTNER INC COM STK USD0.0005,US3666511072,48.35,"29,821",0.02%
GE HEALTHCARE TECHNOLOG-W/I,US36266G1076,"1,412.32","159,626",0.12%
GEBERIT AG-REG CHF0.10(REGD) (POST SUBD),CH0030170408,156.97,"187,767",0.14%
GEN DIGITAL INC,US6687711084,"4,116.00","184,650",0.14%
GENERAL ELECTRIC CO,US3696043013,160.53,"63,048",0.05%
GENUINE PARTS CO COM,US3724601055,287.15,"53,154",0.04%
GILDAN ACTIVEWEAR INC COM NPV,CA3759161035,494.15,"37,079",0.03%
GILEAD SCIENCES INC COM USD0.001,US3755581036,"1,377.79","233,090",0.17%
GLOBAL PAYMENTS INC COM NPV,US37940X1028,319.17,"38,982",0.03%
GODADDY INC - CLASS A GDDY,US3802371076,412.31,"113,284",0.08%
GOLDMAN SACHS GROUP INC COM STK USD0.01,US38141G1040,246.97,"266,715",0.20%
GOODMAN GROUP,AU000000GMG2,"45,740.87","1,566,167",1.16%
GPT GROUP NPV (STAPLED SECURITIES),AU000000GPT8,"204,316.18","988,890",0.73%
GREAT-WEST LIFECO INC COM,CA39138C1068,"3,068.06","177,690",0.13%
HANG SENG BANK,HK0011000095,"2,009.23","45,930",0.03%
HARTFORD INSURANCE GROUP INC,US4165151048,"1,381.14","267,376",0.20%
HCA HEALTHCARE INC,US40412C1018,433.87,"253,628",0.19%
HEALTHPEAK PROPERTIES INC,US42250P1030,"1,471.76","39,323",0.03%
HELIA GROUP LTD,AU0000251498,"8,548.63","48,129",0.04%
HENNES & MAURITZ AB-B SHS SER'B'NPV,SE0000106270,"1,402.49","29,843",0.02%
HERMES INTERNATIONAL NPV,FR0000052292,16.33,"67,225",0.05%
HEWLETT PACKARD ENTERPRIS-WI HPE-W,US42824C1099,"2,571.61","80,246",0.06%
HIKMA PHARMACEUTICALS PLC,GB00B0LCW083,864.6,"35,941",0.03%
HILTON WORLDWIDE HOLDINGS IN HLT-W,US43300A2033,103.81,"42,189",0.03%
HKT TRUST AND HKT LTD SHARE STAPLED UNIT,HK0000093390,"29,510.59","67,230",0.05%
HOLOGIC INC COM USD0.01,US4364401012,845.76,"84,092",0.06%
HOMECO DAILY NEEDS REIT,AU0000113136,"251,984.23","316,240",0.23%
HONG KONG EXCHANGES & CLEAR HKD1,HK0388045442,"2,553.40","207,866",0.15%
HONGKONG LAND HOLDINGS LTD HKHGF,BMG4587L1090,"18,417.96","162,160",0.12%
HOYA CORP NPV,JP3837800006,272.08,"49,308",0.04%
HP INC HPQ,US40434L1052,"6,565.17","245,035",0.18%
HUBBELL INC -CL B,US4435106079,183.76,"114,519",0.09%
HUBSPOT INC HUBS,US4435731009,93.35,"79,284",0.06%
HUMANA INC COM USD0.166,US4448591028,137.72,"51,375",0.04%
HYDRO ONE LTD H,CA4488112083,716.42,"39,313",0.03%
IA FINANCIAL CORP INC,CA45075E1043,581,"96,998",0.07%
IDP EDUCATION LTD IEL,AU000000IEL5,"59,752.58","219,292",0.16%
ILUKA RESOURCES LIMITED NPV,AU000000ILU1,"142,584.41","541,821",0.40%
INDUSTRIA DE DISENO TEXTIL ITX,ES0148396007,910.64,"72,063",0.05%
INFINEON TECHNOLOGIES AG,DE0006231004,622.65,"40,278",0.03%
ING GROEP NV-CVA,NL0011821202,"3,716.45","123,990",0.09%
INSULET CORP COM STK USD0.001,US45784P1012,68.86,"33,011",0.02%
INTEL CORP,US4581401001,"3,101.33","106,004",0.08%
INTERACTIVE BROKERS GRO-CL A COM STK CLASS 'A' USD0.01,US45841N1072,"1,195.49","101,079",0.08%
INTERCONTINENTAL EXCHANGE IN INTERCONTINENTALEXCHANGE INC,US45866F1049,161.37,"45,176",0.03%
INTERNATIONAL PAPER CO COM USD1,US4601461035,"1,856.87","132,688",0.10%
INTESA SANPAOLO EUR0.52,IT0000072618,"6,578.56","57,638",0.04%
INTL BUSINESS MACHINES CORP COM USD0.20,US4592001014,873.18,"392,761",0.29%
INTUIT INC,US4612021034,157.39,"189,158",0.14%
INTUITIVE SURGICAL INC COM USD0.001,US46120E6023,383.85,"318,282",0.24%
INVESTOR AB-B SHS,SE0015811963,"4,519.73","202,440",0.15%
INVITATION HOMES INC,US46187W1071,"3,620.38","181,199",0.13%
IPH LTD IPH,AU000000IPH9,"17,967.77","82,292",0.06%
IPSEN EUR1,FR0010259150,334.24,"60,528",0.04%
IVANHOE MINES LTD-CL A IVN,CA46579R1047,"8,759.62","100,211",0.07%
JAMES HARDIE INDUSTRIES PLC,AU000000JHX1,"11,599.59","483,703",0.36%
JB HI-FI LTD NPV,AU000000JBH7,"4,833.69","533,397",0.40%
JOHNSON & JOHNSON COM STK USD1,US4781601046,"1,345.77","313,673",0.23%
KENVUE INC,US49177J1025,"2,770.02","88,466",0.07%
KEYCORP COM USD1,US4932671088,"2,500.66","66,470",0.05%
KIMBERLY-CLARK CORP COM USD1.25,US4943681035,345.96,"68,058",0.05%
KINGSPAN GROUP PLC ORD EUR0.13,IE0004927939,"1,460.46","194,019",0.14%
KLA-TENCOR CORPORATION COM USD0.001,US4824801009,145.46,"198,816",0.15%
KLEPIERRE EUR1.40,FR0000121964,"9,927.91","594,653",0.44%
KNORR-BREMSE AG,DE000KBX1006,691.3,"101,598",0.08%
KONINKLIJKE KPN NV KPN,NL0000009082,"16,884.25","125,084",0.09%
KYOWA KIRIN CO LTD,JP3256000005,"1,590.64","41,429",0.03%
LAM RESEARCH CORP,US5128073062,"1,318.56","195,847",0.15%
LEGRAND SA EUR4,FR0010307819,236.92,"48,166",0.04%
LENDLEASE GROUP,AU000000LLC3,"13,652.57","73,451",0.05%
LENNOX INTERNATIONAL INC COM USD0.01,US5261071071,44.16,"38,628",0.03%
LIFE360 INC-CDI,AU0000045098,"4,266.14","137,284",0.10%
LINK REIT NPV,HK0823032773,"5,671.89","46,196",0.03%
LIONTOWN RESOURCES LTD,AU000000LTR4,"404,163.89","282,915",0.21%
LIVE NATION ENTERTAINMENT IN COM STK USD0.01,US5380341090,309.13,"71,359",0.05%
LKQ CORP COM USD0.01,US5018892084,599,"33,828",0.03%
LONDON STOCK EXCHANGE GROUP ORD GBP0.06918604,GB00B0SWJX34,134.79,"29,974",0.02%
LOVISA HOLDINGS LTD LOV,AU000000LOV7,"2,748.00","87,057",0.06%
LPL FINANCIAL HOLDINGS INC LPL FINANCIAL HOLDINGS INC,US50212V1008,297.2,"170,048",0.13%
LUNDIN MINING CORP COM NPV,CA5503721063,"5,581.27","89,378",0.07%
LVMH MOET HENNESSY LOUIS VUI EUR0.30,FR0000121014,114.28,"91,004",0.07%
LYNAS RARE EARTHS LTD,AU000000LYC6,"94,027.41","809,576",0.60%
MACQUARIE GROUP LTD,AU000000MQG1,"6,111.14","1,397,801",1.04%
MAGELLAN FINANCIAL GROUP LTD NPV,AU000000MFG4,"9,793.17","83,830",0.06%
MARRIOTT INTERNATIONAL -CL A,US5719032022,472.59,"197,018",0.15%
MARSH & MCLENNAN COS COM USD1,US5717481023,320.01,"106,763",0.08%
MARVELL TECHNOLOGY INC,US5738741041,411.26,"48,572",0.04%
MASCO CORP COM USD1,US5745991068,497.08,"48,816",0.04%
MASTERCARD INC-CLASS A COM USD0.0001 CLASS 'A',US57636Q1040,712.23,"610,713",0.45%
MEDIBANK PRIVATE LTD MPL,AU000000MPL3,"229,234.56","1,157,635",0.86%
MEDTRONIC PLC MDT,IE00BTN1Y115,"1,375.91","183,013",0.14%
MERCADOLIBRE INC COM STK USD0.001,US58733R1023,23.86,"95,156",0.07%
MERCK & CO. INC. COM USD0.50,US58933Y1055,"2,072.02","250,280",0.19%
MERIDIAN ENERGY LTD,NZMELE0002S7,"10,766.13","58,839",0.04%
MESOBLAST LTD NPV,AU000000MSB8,"57,725.60","95,536",0.07%
METLIFE INC COM USD0.01,US59156R1086,"2,585.63","317,291",0.24%
MICRON TECHNOLOGY INC,US5951121038,710.14,"133,554",0.10%
MICROSOFT CORP COM USD0.00000625,US5949181045,"3,887.03","2,950,249",2.19%
MICROSTRATEGY INC-CL A,US5949724083,113.44,"69,970",0.05%
MID-AMERICA APARTMENT COMM COM STK USD0.01,US59522J1034,498.75,"112,642",0.08%
MINEBEA MITSUMI INC,JP3906000009,"1,653.43","36,968",0.03%
MIRVAC GROUP STAPLED SECURITIES,AU000000MGR9,"32,877.24","72,330",0.05%
MITSUBISHI ESTATE CO LTD NPV,JP3899600005,"2,239.46","63,946",0.05%
MITSUBISHI UFJ FINANCIAL GRO NPV,JP3902900004,"8,057.86","168,798",0.13%
MITSUI FUDOSAN CO LTD NPV,JP3893200000,"3,118.50","45,956",0.03%
MIZUHO FINANCIAL GROUP INC,JP3885780001,"1,025.55","43,259",0.03%
MOLINA HEALTHCARE INC COM USD0.001,US60855R1005,169.53,"77,062",0.06%
MONDI PLC,GB00BMWC6P49,"1,867.12","46,440",0.03%
MONGODB INC MDB,US60937P1066,111.55,"35,745",0.03%
MORGAN STANLEY COM STK USD0.01,US6174464486,"1,068.45","229,651",0.17%
MOTOROLA SOLUTIONS INC COM USD0.01,US6200763075,114.69,"73,585",0.05%
MOWI ASA,NO0003054108,"1,823.38","53,503",0.04%
MSCI INC-A COM STK USS0.01,US55354G1004,46.67,"41,074",0.03%
MTR CORP,HK0066009694,"28,045.53","153,735",0.11%
NATIONAL AUSTRALIA BANK LTD NPV,AU000000NAB4,"73,671.84","2,899,723",2.15%
NATIONAL BANK OF CANADA COM NPV,CA6330671034,667.44,"104,883",0.08%
NETAPP INC COM USD0.001,US64110D1046,779.41,"126,721",0.09%
NETFLIX INC COM USD0.001,US64110L1061,281.29,"574,788",0.43%
NETWEALTH GROUP LTD NWL,AU000000NWL7,"3,765.26","126,475",0.09%
NEUREN PHARMACEUTICALS LTD NEU,NZNEUE0001S8,"15,163.37","213,955",0.16%
NEUROCRINE BIOSCIENCES INC COM USD0.001,US64125C1099,340.52,"65,309",0.05%
NEWMONT CORP-CDI,AU0000297962,"2,397.87","209,358",0.16%
NEWS CORP - CLASS A NEWS CORP/NEW-CL A-W/I,US65249B1098,"1,431.58","64,922",0.05%
NEWS CORP - CLASS B- CDI,AU000000NWS2,"9,055.38","469,974",0.35%
NEXTDC LTD NPV,AU000000NXT8,"9,855.65","142,907",0.11%
NIB HOLDINGS LTD NPV,AU000000NHF0,"104,551.66","740,226",0.55%
NICKEL INDUSTRIES LTD,AU0000018236,"671,034.11","466,369",0.35%
NIKE INC -CL B CLASS'B'COM NPV,US6541061031,627.05,"67,972",0.05%
NINE ENTERTAINMENT CO HOLDIN NPV,AU000000NEC4,"90,647.08","147,302",0.11%
NINTENDO CO LTD NPV,JP3756600007,334.87,"49,101",0.04%
NIPPON BUILDING FUND INC REIT,JP3027670003,322.31,"452,511",0.34%
NIPPON TELEGRAPH & TELEPHONE NPV,JP3735400008,"20,657.42","33,606",0.02%
NITTO DENKO CORP,JP3684000007,"2,720.83","80,235",0.06%
NOKIA OYJ NPV,FI0009000681,"4,482.68","35,377",0.03%
NOMURA HOLDINGS INC NPV,JP3762600009,"4,374.27","43,991",0.03%
NORDSON CORP COM NPV,US6556631025,126,"41,214",0.03%
NORSK HYDRO ASA NOK1.098,NO0005052605,"11,154.59","96,779",0.07%
NORTHERN STAR RESOURCES LTD,AU000000NST8,"22,857.22","424,002",0.31%
NOVARTIS AG-REG CHF0.50 (REGD),CH0012005267,"1,549.20","285,602",0.21%
NOVO NORDISK A/S-B,DK0062498333,"2,005.05","211,612",0.16%
NUIX LTD,AU0000119307,"16,058.61","35,168",0.03%
NUTANIX INC - A NTNX,US67059N1081,524.07,"61,128",0.05%
NVIDIA CORP,US67066G1040,"13,792.96","3,325,169",2.47%
NXP SEMICONDUCTORS NV,NL0009538784,174.97,"58,334",0.04%
O'REILLY AUTOMOTIVE INC COM USD0.01,US67103H1077,555.68,"76,422",0.06%
OBAYASHI OBAYASHI,JP3190000004,"6,027.70","139,164",0.10%
OMNICOM GROUP COM USD0.15,US6819191064,315.62,"34,646",0.03%
ONO PHARMACEUTICAL CO LTD NPV,JP3197600004,"2,260.39","37,227",0.03%
OPEN TEXT CORP COM NPV,CA6837151068,757.44,"33,703",0.03%
ORACLE CORP COM USD0.01,US68389X1054,"1,180.42","393,799",0.29%
ORANGE FTE1,FR0000133308,"2,419.87","55,979",0.04%
ORORA LTD NPV,AU000000ORA8,"22,706.27","42,915",0.03%
ORSTED A/S DENERG,DK0060094928,558.4,"36,465",0.03%
OTIS WORLDWIDE CORP-W/I,US68902V1070,241.53,"36,493",0.03%
OWENS CORNING INC COM STK USD0.01,US6907421019,485.98,"101,980",0.08%
PACKAGING CORP OF AMERICA COM USD0.01,US6951561090,480.12,"138,062",0.10%
PALADIN ENERGY LTD NPV,AU000000PDN8,"59,177.49","477,562",0.35%
PALANTIR TECHNOLOGIES INC-A,US69608A1088,897.67,"186,724",0.14%
PALO ALTO NETWORKS INC PALO ALTO NETWORKS,US6974351057,870.67,"271,875",0.20%
PANASONIC HOLDINGS CORP,JP3866800000,"2,909.20","47,804",0.04%
PANDORA A/S DKK1,DK0060252690,233.78,"62,413",0.05%
PAYCHEX INC COM USD0.01,US7043261079,225.2,"49,985",0.04%
PAYPAL HOLDINGS INC PYPLV,US70450Y1038,545.21,"61,830",0.05%
PEARSON PLC ORD GBP0.25,GB0006776081,"14,230.18","318,831",0.24%
PERPETUAL TRUSTEES AUSTRALIA,AU000000PPT9,"2,218.40","40,064",0.03%
PERSEUS MINING LTD NPV,AU000000PRU3,"11,719.09","39,845",0.03%
PFIZER INC COM USD0.05,US7170811035,"2,870.69","106,181",0.08%
PILBARA MINERALS LTD PLS,AU000000PLS0,"500,760.88","668,516",0.50%
PINNACLE INVESTMENT MANAGEME PNI,AU000000PNI7,"7,224.85","148,398",0.11%
PINTEREST INC- CLASS A PINS,US72352L1061,"1,061.54","58,086",0.04%
PNC FINANCIAL SERVICES GROUP COM USD5,US6934751057,144.41,"41,080",0.03%
POLYNOVO LTD,AU000000PNV0,"94,428.28","112,842",0.08%
POWER CORP OF CANADA SUB-VTG NPV,CA7392391016,941.83,"56,021",0.04%
PREMIER INVESTMENTS LIMITED NPV,AU000000PMV2,"7,838.94","158,582",0.12%
PRINCIPAL FINANCIAL GROUP COM USD0.01,US74251V1026,"1,327.56","160,903",0.12%
PRO MEDICUS LTD PME,AU000000PME8,196.24,"55,944",0.04%
PROCTER & GAMBLE CO/THE-CDI PG,US7427181091,"1,570.13","381,709",0.28%
PROGRESSIVE CORP COM USD1,US7433151039,232.95,"94,856",0.07%
PROLOGIS INC COM USD0.01,US74340W1036,193.6,"31,054",0.02%
PROSUS NV PRX,NL0013654783,850.57,"72,322",0.05%
PRUDENTIAL FINANCIAL INC COM USD0.01,US7443201022,"1,701.78","278,994",0.21%
PRUDENTIAL PLC ORD GBP0.05,GB0007099541,"2,898.11","55,304",0.04%
PTC INC COM USD0.01,US69370C1009,336.55,"88,503",0.07%
PURE STORAGE INC - CLASS A PSTG,US74624M1027,415.87,"36,539",0.03%
QBE INSURANCE GROUP LTD,AU000000QBE9,"60,120.32","1,406,214",1.04%
QUALCOMM INC,US7475251036,651.74,"158,384",0.12%
RAKUTEN GROUP INC,JP3967200001,"4,688.21","39,442",0.03%
RAMELIUS RESOURCES LTD NPV,AU000000RMS4,"20,509.67","51,684",0.04%
RAMSAY HEALTH CARE LTD NPV,AU000000RHC8,"17,291.20","634,414",0.47%
RATIONAL AG NPV,DE0007010803,54.42,"69,399",0.05%
RAYMOND JAMES FINANCIAL INC COM USD0.01,US7547301090,223.32,"52,263",0.04%
REA GROUP LIMITED,AU000000REA9,"1,378.72","331,568",0.25%
RECRUIT HOLDINGS CO LTD 6098,JP3970300004,606.96,"54,725",0.04%
REECE LTD,AU000000REH4,"21,933.05","314,739",0.23%
REGENERON PHARMACEUTICALS COM USD0.001,US75886F1075,145.67,"116,695",0.09%
REGIONS FINANCIAL CORP COM STK USD0.01,US7591EP1005,"1,004.41","36,047",0.03%
RELIANCE WORLDWIDE CORP LTD RWC,AU000000RWC7,"166,055.10","680,826",0.51%
RELX PLC REL,GB00B2B0DG97,"2,349.75","193,440",0.14%
RENESAS ELECTRONICS CORP NPV,JP3164720009,"1,988.30","37,577",0.03%
RESMED INC COM USD0.004,US7611521078,205.32,"80,830",0.06%
RESMED INC-CDI CDI COM USD0.004 10:1,AU000000RMD6,"25,388.44","999,035",0.74%
RESONA HOLDINGS INC NPV,JP3500610005,"2,992.92","42,114",0.03%
RICOH COMPANY LIMITED NPV,JP3973400009,"4,876.57","70,345",0.05%
RIVIAN AUTOMOTIVE INC-A,US76954A1034,"1,271.26","26,653",0.02%
ROBLOX CORP -CLASS A,US7710491033,446.43,"71,663",0.05%
ROCHE HOLDING AG-BR CHF1.00 (BR),CH0012032113,107.16,"56,490",0.04%
ROCHE HOLDING AG-GENUSSCHEIN ROG,CH0012032048,355.8,"176,244",0.13%
ROCKWOOL A/S-B SHS,DK0063855168,"1,745.52","124,211",0.09%
ROGERS COMMUNICATIONS INC-B CLASS'B'COM CAD1.62478,CA7751092007,855.39,"38,636",0.03%
ROYAL BANK OF CANADA COM NPV,CA7800871021,584.77,"117,363",0.09%
ROYALTY PHARMA PLC- CL A,GB00BMVP7Y09,"1,671.85","91,915",0.07%
S&P GLOBAL INC,US78409V1044,103.6,"83,357",0.06%
SALESFORCE INC,US79466L3024,598.17,"248,895",0.18%
SANDFIRE RESOURCES LTD,AU000000SFR8,"9,855.23","110,576",0.08%
SANDOZ GROUP AG,CH1243598427,580.58,"48,325",0.04%
SANOFI SAN,FR0000120578,614.28,"90,455",0.07%
SAP SE,DE0007164600,370.87,"171,488",0.13%
SCENTRE GROUP SMART COMMUNICATIONS GROUP,AU000000SCG8,"338,400.60","1,204,706",0.89%
SCHWAB (CHARLES) CORP COM USD0.01,US8085131055,"1,036.22","144,266",0.11%
SCREEN HOLDINGS CO LTD,JP3494600004,272.08,"33,801",0.03%
SECURITAS AB-B SHS,SE0000163594,"4,919.06","111,443",0.08%
SEEK LTD NPV,AU000000SEK6,"3,151.80","75,801",0.06%
SERVICENOW INC COM USD0.001,US81762P1021,141.48,"221,952",0.16%
SEVERN TRENT PLC ORD GBP0.9789,GB00B1FH8J72,"4,479.54","256,089",0.19%
SHIMANO INC NPV,JP3358000002,230.22,"50,842",0.04%
SHIN ETSU CHEMICAL CO LTD,JP3371200001,"1,297.63","65,415",0.05%
SHIONOGI & CO LTD NPV,JP3347200002,"3,265.00","89,470",0.07%
SHOPIFY INC - A SH,CA82509L1076,870.88,"152,959",0.11%
SIEMENS AG-REG SIE,DE0007236101,524.28,"204,392",0.15%
SIEMENS HEALTHINEERS AG,DE000SHL1006,"1,469.25","123,847",0.09%
SIG GROUP AG,CH0435377954,"2,191.95","61,600",0.05%
SIGMA HEALTHCARE LTD SIG,AU000000SIG5,"32,144.70","96,113",0.07%
SIMON PROPERTY GROUP INC COM USD0.0001,US8288061091,176.85,"43,383",0.03%
SIMS LTD,AU000000SGM7,"52,981.02","812,729",0.60%
SMITH & NEPHEW PLC ORD USD0.20,GB0009223206,"1,797.22","41,827",0.03%
SMURFIT WESTROCK PLC,IE00028FXN24,"1,317.51","86,749",0.06%
SNAP INC - A SNAP,US83304A1060,"2,777.76","36,833",0.03%
SNOWFLAKE INC-CLASS A,US8334451098,198.83,"67,891",0.05%
SOCIETE GENERALE EUR1.25,FR0000130809,766.86,"66,687",0.05%
SOFTBANK CORP,JP3732000009,"38,740.50","91,263",0.07%
SOFTBANK GROUP CORP,JP3436100006,837.18,"92,993",0.07%
SONY GROUP CORP,JP3435000009,"2,134.81","84,119",0.06%
SPOTIFY TECHNOLOGY SA SPOT,LU1778762911,121.18,"141,890",0.11%
STANDARD CHARTERED PLC ORD USD0.50,GB0004082847,"5,569.55","140,568",0.10%
STARBUCKS CORP COM,US8552441094,271.46,"37,954",0.03%
STATE STREET CORP COM STK USD1,US8574771031,401.64,"65,171",0.05%
STORA ENSO OYJ-R SHS,FI0009005961,"4,439.98","73,357",0.05%
STRAUMANN HOLDING AG-REG,CH1175448666,166.39,"33,029",0.02%
STRYKER CORP COM USD0.10,US8636671013,221.02,"133,425",0.10%
SUMITOMO ELECTRIC INDS ORD,JP3407400005,"1,402.28","45,848",0.03%
SUMITOMO MITSUI FINANCIAL GR NPV,JP3890350006,"2,511.54","96,416",0.07%
SUMITOMO MITSUI TRUST GROUP,JP3892100003,899.97,"36,498",0.03%
SUMITOMO REALTY & DEVELOPMNT NPV,JP3409000001,"1,444.14","84,928",0.06%
SUN LIFE FINANCIAL INC COM NPV,CA8667961053,"2,123.72","215,192",0.16%
SUNCORP GROUP LTD NPV,AU000000SUN6,"1,527.57","33,011",0.02%
SVENSKA CELLULOSA AB-B SHS SER'B'NPV (POST SPLIT),SE0000112724,"4,383.47","86,325",0.06%
SWEDISH ORPHAN BIOVITRUM AB,SE0000872095,857.06,"39,548",0.03%
SWISS RE AG CHF0.10,CH0126881561,180.2,"47,377",0.04%
SWISSCOM AG-REG CHF1.00 (REGD),CH0008742519,45.63,"49,198",0.04%
SYNOPSYS INC COM,US8716071076,157.18,"122,962",0.09%
T ROWE PRICE GROUP INC COM USD0.20,US74144T1088,203.85,"30,017",0.02%
T&D HOLDINGS INC,JP3539220008,"2,951.06","98,824",0.07%
T-MOBILE US INC TMUS,US8725901040,544.79,"198,066",0.15%
TAKE-TWO INTERACTIVE SOFTWRE COM USD0.01,US8740541094,227.71,"84,383",0.06%
TAKEDA PHARMACEUTICAL NPV SHS,JP3463000004,"1,151.12","53,810",0.04%
TARGET CORP COM STK USD0.0833,US87612E1064,374.22,"56,331",0.04%
TDK CORP NPV,JP3538800008,"2,218.53","39,736",0.03%
TECHNOLOGY ONE LIMITED NPV(POST RECON),AU000000TNE8,"6,269.85","257,127",0.19%
TELECOM ITALIA SPA EUR0.55,IT0003497168,"95,365.68","71,504",0.05%
TELEFONICA SA TFA,ES0178430E18,"10,250.85","81,854",0.06%
TELENOR ASA ORD NOK6,NO0010063308,"1,891.61","44,695",0.03%
TELIX PHARMACEUTICALS LTD TLX,AU000000TLX2,"14,270.64","348,489",0.26%
TELSTRA CORPORATION LTD NPV,AU000000TLS2,"413,281.75","2,000,284",1.49%
TELUS CORP TELUS CORP,CA87971M1032,"1,737.15","42,485",0.03%
TERUMO CORP NPV,JP3546800008,"4,688.21","131,243",0.10%
TESLA INC,US88160R1014,"1,688.59","818,491",0.61%
TEVA PHARMACEUTICAL-SP ADR ADR(CNV 1 ORD ILS0.10),US8816242098,"1,908.35","48,804",0.04%
TEXAS INSTRUMENTS INC COM USD1,US8825081040,531.61,"168,418",0.13%
TOAST INC-CLASS A,US8887871080,636.47,"43,014",0.03%
TOKIO MARINE HOLDINGS INC NPV,JP3910660004,774.39,"49,992",0.04%
TOKYO ELECTRON LTD NPV,JP3571400005,293.01,"85,680",0.06%
TORONTO-DOMINION BANK COM NPV,CA8911605092,"1,566.57","175,468",0.13%
TPG TELECOM LTD TPG TELECOM LTD,AU0000090128,"91,027.40","485,176",0.36%
TRADE DESK INC/THE -CLASS A TTD,US88339J1051,385.94,"42,395",0.03%
TRANE TECHNOLOGIES PLC,IE00BK9ZQ967,199.04,"132,848",0.10%
TRANSURBAN GROUP-STAPLED,AU000000TCL6,"120,351.34","1,682,512",1.25%
TRAVELERS COS INC/THE COM NPV,US89417E1091,95.65,"39,047",0.03%
TREND MICRO INCORPORATED,JP3637300009,251.15,"26,471",0.02%
TRIMBLE LTD,US8962391004,291.76,"33,826",0.03%
UBER TECHNOLOGIES INC UBER,US90353T1007,924.04,"131,552",0.10%
UBS GROUP AG-REG UBSG,CH0244767585,"1,583.32","81,494",0.06%
UCB SA NPV,BE0003739530,269.15,"80,487",0.06%
UNIBAIL-RODAMCO-WESTFIELD URW,FR0013326246,492.05,"71,513",0.05%
UNICREDIT SPA UCGM,IT0005239360,"1,196.96","122,013",0.09%
UNITED PARCEL SERVICE CL B,US9113121068,218.71,"33,687",0.03%
UNITED THERAPEUTICS CORP COM STK USD0.01,US91307C1027,94.39,"41,388",0.03%
UNITED UTILITIES GROUP PLC ORD GBP0.05,GB00B39J2M42,"13,599.99","324,618",0.24%
UNITEDHEALTH GROUP INC COM USD0.01,US91324P1021,658.02,"313,243",0.23%
UPM-KYMMENE OYJ NPV,FI0009005987,960.87,"39,861",0.03%
VENTAS INC COM USD0.25,US92276F1003,522.82,"50,379",0.04%
VERIZON COMMUNICATIONS INC COM USD0.10,US92343V1044,"3,859.61","254,834",0.19%
VERTEX PHARMACEUTICALS INC COM USD0.01,US92532F1003,299.5,"203,461",0.15%
VERTIV HOLDINGS CO,US92537N1081,625.37,"122,536",0.09%
VESTAS WIND SYSTEMS A/S,DK0061539921,"5,624.38","128,306",0.10%
VICINITY CENTERS VCX,AU000000VCX7,"411,602.17","1,016,657",0.75%
VISA INC-CLASS A SHARES COM STK USD0.0001,US92826C8394,"1,182.31","640,541",0.48%
VODAFONE GROUP PLC ORD USD0.2095238(POST CONSOL),GB00BH4HKS39,"44,224.87","71,927",0.05%
WABTEC CORP,US9297401088,"1,636.48","522,769",0.39%
WALT DISNEY CO/THE DISNEY COM USD0.01,US2546871060,"1,256.40","237,745",0.18%
WASTE MANAGEMENT INC COM USD0.01,US94106L1098,682.93,"238,450",0.18%
WATSCO INC COM USD0.50,US9426222009,73.25,"49,363",0.04%
WELLTOWER INC HCN,US95040Q1040,727.72,"170,706",0.13%
WEST AFRICAN RESOURCES LTD WAF,AU000000WAF6,"24,260.89","55,072",0.04%
WEST FRASER TIMBER CO LTD COM NPV,CA9528451052,830.48,"92,742",0.07%
WEST JAPAN RAILWAY CO,JP3659000008,"1,130.19","39,423",0.03%
WESTERN DIGITAL CORP COM USD0.01,US9581021055,488.7,"47,718",0.04%
WESTPAC BANKING CORP WBC,AU000000WBC1,"75,846.42","2,568,160",1.91%
WILLIAMS-SONOMA INC COM USD0.01,US9699041011,285.06,"71,062",0.05%
WILLIS TOWERS WATSON PLC,IE00BDB6Q211,84.35,"39,448",0.03%
WISETECH GLOBAL LTD WTC,AU000000WTC3,"3,496.48","381,221",0.28%
WOLTERS KLUWER EUR0.12,NL0000395903,123.27,"31,344",0.02%
WOOLWORTHS GROUP LTD,AU000000WOW2,"25,925.79","806,551",0.60%
WORKDAY INC-CLASS A COM USD0.001,US98138H1014,144,"52,733",0.04%
WW GRAINGER INC COM STK USD0.50,US3848021040,91.67,"145,510",0.11%
XERO LTD,AU0000403172,171.92,"30,911",0.02%
XERO LTD XRO,NZXROE0001S2,"2,519.26","452,963",0.34%
ZEBRA TECHNOLOGIES CORP-CL A 'A'COM USD0.01,US9892071054,97.95,"46,088",0.03%
ZIMMER BIOMET HOLDINGS INC,US98956P1021,740.49,"103,059",0.08%
ZIP CO LTD,AU0000218307,"12,007.38","36,863",0.03%
ZOOM COMMUNICATIONS INC,US98980L1017,577.65,"68,735",0.05%
ZSCALER INC,US98980G1022,465.05,"222,780",0.17%
ZURICH INSURANCE GROUP AG CHF0.10,CH0011075394,75.14,"79,882",0.06%
Total,,,"115,685,230",85.90%
Unlisted Equity,,,,
Investment in non?associated entities;,,,,
Held directly or by associated entities or by PSTs,,,,
Externally managed,,,,
Name of Fund Manager,,,Value (AUD),Weighting (%)
Blackbird Ventures Pty Limited,,,"6,108,721",4.54%
Brandon Capital Partners,,,"257,153",0.19%
CSIRO Financial Services Pty Ltd,,,"720,860",0.54%
Hermes GPE LLP,,,"1,250,138",0.93%
IP2IPO Australia Pty Ltd,,,"1,373,794",1.02%
Safar Partners LLC,,,"3,191,895",2.37%
Square Peg Capital Pty Ltd,,,"4,172,491",3.10%
T Ventures Management Co Ltd,,,"261,046",0.19%
Total,,,"17,336,097",12.87%
Total Investment Items,,,"133,904,410",99.43%
,,,,
Table 2 — Derivatives by kind of derivative,,,,
Portfolio Holdings Information for Investment Option HC SRI High Growth - Class A Option - Derivatives,,,,
Kind of derivative,,,Value (AUD),Weighting (%)
Swaps,,,,0.00%
Forwards,,,"761,991",0.57%
Futures,,,"11,083",0.01%
Options,,,,0.00%
Total,,,"773,074",0.57%
,,,,
Table 3 — Derivatives by asset class,,,,
Portfolio Holdings Information for Investment Option HC SRI High Growth - Class A Option - Derivatives by Asset Class,,,,
Asset class,,,Actual asset allocation (% of Assets (including derivatives) in the investment option),Effect of derivatives exposure (% of Assets (including derivatives) in the investment option)
Cash,,,1.22%,-0.73%
Fixed Income,,,0.00%,0.00%
Equity,,,98.78%,0.73%
Property,,,0.00%,0.00%
Infrastructure,,,0.00%,0.00%
Alternatives,,,0.00%,0.00%
Total,,,100.00%,0.00%
,,,,
Table 4—Derivatives by currency,,,,
,,,,
Portfolio Holdings Information for Investment Option HC SRI High Growth - Class A Option - Derivatives by Currency,,,,
Currency exposure,,,Actual Currency Exposure (% of Assets (including derivatives) in the investment option),Effect of derivatives exposure (% of Assets (including derivatives) in the investment option)
AUD,,,47.91%,22.69%
USD,,,39.85%,-18.34%
Developed Markets,,,11.36%,-3.59%
Emerging Markets,,,0.88%,-0.09%
